"Year","Afghanistan","Albania","Algeria","Andorra","Angola","Anguilla","Antigua and Barbuda","Argentina","Armenia","Aruba","Australia","Austria","Azerbaijan","Bahamas","Bahrain","Bangladesh","Barbados","Belarus","Belgium","Belize","Benin","Bermuda","Bhutan","Bonaire, Saint Eustatius and Saba","Bosnia and Herzegovina","Botswana","Brazil","British Virgin Islands","Brunei Darussalam","Bulgaria","Burkina Faso","Burundi","Cambodia","Canada","Cape Verde","Central African Republic","Chad","Chile","China","Colombia","Comoros","Congo","Cook Islands","Costa Rica","Côte d'Ivoire","Croatia","Cuba","Curaçao","Cyprus","Czech Republic","North Korea","Democratic Republic of the Congo","Denmark","Djibouti","Dominica","Dominican Republic","Ecuador","Egypt","El Salvador","Equatorial Guinea","Eritrea","Estonia","Ethiopia","Faeroe Islands","Micronesia (Federated States of)","Fiji","Finland","France","French Guiana","French Polynesia","Gabon","Gambia","Georgia","Germany","Ghana","Greece","Greenland","Grenada","Guadeloupe","Guatemala","Guinea","Guinea-Bissau","Guyana","Haiti","Honduras","Hong Kong","Hungary","Iceland","India","Indonesia","Iraq","Ireland","Iran","Israel","Italy","Jamaica","Japan","Jordan","Kazakhstan","Kenya","Kiribati","Kosovo","Kuwait","Kyrgyzstan","Laos","Latvia","Lebanon","Lesotho","Liberia","Libya","Liechtenstein","Lithuania","Luxembourg","Macao","North Macedonia","Madagascar","Malawi","Malaysia","Maldives","Mali","Malta","Marshall Islands","Martinique","Mauritania","Mauritius","Mexico","Mongolia","Montenegro","Montserrat","Morocco","Mozambique","Myanmar","Namibia","Nauru","Nepal","Netherlands","New Caledonia","New Zealand","Nicaragua","Niger","Nigeria","Niue","Norway","Occupied Palestinian Territory","Oman","Pakistan","Palau","Panama","Papua New Guinea","Paraguay","Peru","Philippines","Bolivia","Poland","Portugal","Qatar","Cameroon","South Korea","Moldova","South Sudan","Sudan","Réunion","Romania","Russia","Rwanda","Saint Helena","Saint Lucia","Sint Maarten (Dutch part)","Samoa","Sao Tome and Principe","Saudi Arabia","Senegal","Serbia","Seychelles","Sierra Leone","Singapore","Slovakia","Slovenia","Solomon Islands","Somalia","South Africa","Spain","Sri Lanka","Saint Kitts and Nevis","Saint Pierre and Miquelon","Saint Vincent and the Grenadines","Suriname","Swaziland","Sweden","Switzerland","Syria","Taiwan","Tajikistan","Thailand","Timor-Leste","Togo","Tonga","Trinidad and Tobago","Tunisia","Turkey","Turkmenistan","Turks and Caicos Islands","Tuvalu","Uganda","Ukraine","United Arab Emirates","United Kingdom","Tanzania","USA","Uruguay","Uzbekistan","Vanuatu","Venezuela","Viet Nam","Wallis and Futuna Islands","Yemen","Zambia","Zimbabwe","Global"
1880,,0,,0,,,,,,,,,,,,,,,,,,,,,,,,,0,,,,0,,,,,,,,,,,,0,,,,,0,,,,,,,,,,,,,,0,,,,,,,,,,,,,0,,,,0,,,,,,,,,,,0,,,,,,,,,,0,,,,,,,,,,,,,,,,,,,,,,0,,,,0,,,,,,,,0,,,,,,,,,,,,,0,,,,,,,,,,,,,,,,,,,,,,,,,,0,0,0,,,,,,,,0,,,,,,,,,,,,,,,,,,0,,,,,,0.17,,,,,,,,,,
1881,,0,,0,,,,,,,,,,,,,,,,,,,,,,,,,0,,,,0,,,,,,,,,,,,0,,,,,0,,,,,,,,,,,,,,0,,,,,,,,,,,,,0,,,,0,,,,,,,,,,,0,,,,,,,,,,0,,,,,,,,,,,,,,,,,,,,,,0,,,,0,,,,,,,,0,,,,,,,,,,,,,0,,,,,,,,,,,,,,,,,,,,,,,,,,0,0,0,,,,,,,,0,,,,,,,,,,,,,,,,,,0,,,,,,0.21,,,,,,,,,,
1882,,0,,0,,,,,,,,,,,,,,,,,,,,,,,,,0,,,,0,,,,,,,,,,,,0,,,,,0,,,,,,,,,,,,,,0,,,,,,,,,,,,,0,,,,0,,,,,,,,,,,,,,,,,,,,,0,,,,,,,,,,,,,,,,,,,,,,0,,,,0,,,,,,,,0,,,,,,,,,,,,,0,,,,,,,,,,,,,,,,,,,,,,,,,,0,0,0,,,,,,,,0,,,,,,,,,,,,,,,,,,0,,,,,,0.27,,,,,,,,,,
1883,,0,,0,,,,,,,,,,,,,,,,,,,,,,,,,0,,,,0,,,,,,,,,,,,0,,,,,0,,,,,,,,,,,,,,0,,,,,,,,,,,,,0,,,,0,,,,,,,,,,,,,,,,,,,,,0,,,,,,,,,,,,,,,,,,,,,,0,,,,0,,,,,,,,0,,,,,,,,,,,,,0,,,,,,,,,,,,,,,,,,,,,,,,,,0,0,0,,,,,,,,0,,,,,,,,,,,,,,,,,,0,,,,,,0.35,,,,,,,,,,
1884,,0,,0,,,,,,,,,,,,,,,,,,,,,,,,,0,,,,0,,,,,,,,,,,,0,,,,,0,,,,,,,,,,,,,,0,,,,,,,,,,,,,0,,,,0,,,,,,,,,,,,,,,,,,,,,0,,,,,,,,,,,,,,,,,,,,,,0,,,,0,,,,,,,,0,,,,,,,,,,,,,0,,,,,,,,,,,,,,,,,,,,,,,,,,0,0,0,,,,0,,,,0,,,,,,,,,,,,,,,,,,0,,,,,,0.33,,,,,,,,,,
1885,,0,,0,,,,,,,,,,,,,,,,,,,,,,,,,0,,,,0,,,,,,,,,,,,0,,,,,0,,,,,,,,,,,,,,0,,,,,,,,,,,,,0,,,,0,,,,,,,,,,,,,,,,,,,,,0,,,,,,,,,,,,,,,,,,,,,,0,,,,0,,,,,,,,0,,,,,,,,,,,,,0,,,,,,,,,,,,,,,,,,,,,,,,,,0,0,0,,,,0,,,,0,,,,,,,,,,,,,,,,,,0,,,,,,0.34,,,,,,,,,,
1886,,0,,0,,,,,,,,,,,,,,,,,,,,,,,,,0,,,,0,,,,,,,,,,,,0,,,,,0,,,,,,,,,,,,,,0,,,,,,,,,,,,,0,,,,0,,,,,,,,,,,,,,,,,,,,,0,,,,,,,,,,,,,,,,,,,,,,0,,,,0,,,,,,,,0,,,,,,,,,,,,,0,,,,,,,,,,,,,,,,,,,,,,,,,,0,0,0,,,,0,,,,0,,,,,,,,,,,,,,,,,,0,,,,,,0.37,,,,,,,,,,
1887,,0,,0,,,,,,,,,,,,,,,,,,,,,,,,,0,,,,0,,,,,,,,,,,,0,,,,,0,,,,,,,,,,,,,,0,,,,,,,,,,,,,0,,,,0,,,,,,,,,,,,,,,,,,,,,0,,,,,,,,,,,,,,,,,,,,,,0,,,,0,,,,,,,,0,,,,,,,,,,,,,0,,,,,,,,,,,,,,,,,,,,,,,,,,0,0,0,,,,0,,,,0,,,,,,,,,,,,,,,,,,0,,,,,,0.55,,,,,,,,,,
1888,,0,,0,,,,,,,,,,,,,,,,,,,,,,,,,0,,,,0,,,,,,,,,,,,0,,,,,0,,,,,,,,,,,,,,0,,,,,,,,,,,,,0,,,,0,,,,,,,,,,,,,,,,,,,,,0,,,,,,,,,,,,,,,,,,,,,,0,,,,0,,,,,,,,0,,,,,,,,,,,,,0,,,,,,,,,,,,,,,,,,,,,,,,,,0,0,0,,,,0,,,,0,,,,,,,,,,,,,,,,,,0,,,,,,0.54,,,,,,,,,,
1889,,0,,0,,,,,,,,,,,,,,,,,,,,,,,,,0,,,,0,,,,,,,,,,,,0,,,,,0,,,,,,,,,,,,,,0,,,,,,,,,,,,,0,,,,0,,,,,,,,,0,,,,,,,,,,,,0,,,,,,,,,,,,,,,,,,,,,,0,,,,0,,,,,,,,0,,,,,,,,,,,,,0,,,,,,,,,,,,,,,,,,,,,,,,,,0,0,0,,,,0,,,,0,,,,,,,,,,,,,,,,,,0,,,,,,0.58,,,,,,,,,,
1890,,0,,0,,,,,,,,,,,,,,,,,,,,,,,,,0,,,,0,,,,,,,,,,,,0,,,,,0,,,,,,,,,,,,,,0,,,,,,,,,,,,,0,,,,0,,,,,,,,,0,,,,,,,,,,,,0,,,,,,,,,,,,,,,,0,,,,,,0,,,,0,,,,,,,,0,,,,,,,,,,,,,0,,,,,,,,,,,,,,,,,,,,,,,,,,0,0,0,,,,0,,,,0,,,,,,,,,,,,,,,,,,0,,,,,,0.66,,,,,,,,,,
1891,,0,,0,,,,,,,,,,,,,,,,,,,,,,,,,0,,,,0,,,,,,,,,,,,0,,,,,0,,,,,,,,,,,,,,0,,,,,,,,,,,,,0,,,,0,,,,,,,,,0,,,,,,,,,,,,0,,,,,,,,,,,,,,,,0,,,,,,0,,,,0,,,,,,,,0,,,,,,,,,,,,,0,,,,,,,,,,,,,,,,,,,,,,,,,,0,0,0,,,,0,,,,0,,,,,,,,,,,,,,,,,,0,,,,,,0.68,,,,,,,,,,
1892,,0,,0,,,,,,,,,,,,,,,,,,,,,,,,,0,,,,0,,,,,,,,,,,,0,,,,,0,,,,,,,,,,,,,,0,,,,,,,,,,,,,0,,,,0,,,,,,,,,0,,,,,,,,,,,,0,,,,,,,,,,,,,,,,0,,,,,,0,,,,0,,,,,,,,0,,,,,,,,,,,,,0,,,,,,,,,,,,,,,,,,,,,,,,,,0,0,0,,,,0,,,,0,,,,,,,,,,,,,,,,,,0,,,,,,0.72,,,,,,,,,,
1893,,0,,0,,,,,,,,,,,,,,,,,,,,,,,,,0,,,,0,,,,,,,,,,,,0,,,,,0,,,,,,,,,,,,,,0,,,,,,,,,,,,,0,,,,0,,,,,,,,,0,,,,,,,,,,,,0,,,,,,,,,,,,,,,,0,,,,,,0,,,,0,,,,,,,,0,,,,,,,,,,,,,0,,,,,,,,,,,,,,,,,,,,,,,,,,0,0,0,,,,0,,,,0,,,,,,,,,,,,,,,,,,0,,,,,,0.66,,,,,,,,,,
1894,,0,,0,,,,,,,,,,,,,,,,,,,,,,,,,0,,,,0,,,,,,,,,,,,0,,,,,0,,,,,,,,,,,,,,0,,,,,,,,,,,,,0,,,,0,,,,,,,,,0,,,,,,,,,,,,0,,,,,,,,,,,,,,,,0,,,,,,0,,,,0,,,,,,,,0,,,,,,,,,,,,,0,,,,,,,,,,,,,,,,,,,,,,,,,,0,0,0,,,,0,,,,0,,,,,,,,,,,,,,,,,,0,,,,,,0.69,,,,,,,,,,
1895,,0,,0,,,,,,,,,,,,,,,,,,,,,,,,,0,,,,0,,,,,,,,,,,,0,,,,,0,,,,,,,,,,,,,,0,,,,,,,,,,,,,0,,,,0,,,,,,,,,0,,,,,,,,,,,,0,,,,,,,,,,,,,,,,0,,,,,,0,,,,0,,,,,,,,0,,,,,,,,,,,,,0,,,,,,,,,,,,,,,,,,,,,,,,,,0,0,0,,,,0,,,,0,,,,,,,,,,,,,,,,,,0,,,,,,0.72,,,,,,,,,,
1896,,0,,0,,,,,,,,,,,,,,,,,,,,,,,,,0,,,,0,,,,,,,,,,,,0,,,,,0,,,,,,,,,,,,,,0,,,,,,,,,,,,,0,,,,0,,,,,,,,,0,,,,,,,,,,,,0,,,,,,,,,,,,,,,,0,,,,,,0,,,,0,,,,,,,,0,,,,,,,,,,,,,0,,,,,,,,,,,,,,,,,,,,,,,,,,0,0,0,,,,0,,,,0,,,,,,,0,,,,,,,,,,,0,,,,,,0.79,,,,,,,,,,
1897,,0,,0,,,,,,,,,,,,,,,,,,,,,,,,,0,,,,0,,,,,,,,,,,,0,,,,,0,,,,,,,,,,,,,,0,,,,,,,,,,,,,0,,,,0,,,,,,,,,0,,,,,,,,,,,,0,,,,,,,,,,,,,,,,0,,,,,,0,,,,0,,,,,,,,0,,,,,,,,,,,,,0,,,,,,,,,,,,,,,,,,,,,,,,,,0,0,0,,,,0,,,,0,,,,,,,0,,,,,,,,,,,0,,,,,,0.91,,,,,,,,,,
1898,,0,,0,,,,,,,,,,,,,,,,,,,,,,,,,0,,,,0,,,,,,,,,,,,0,,,,,0,,,,,,,,,,,,,,0,,,,,,,,,,,,,0,,,,0,,,,,,,,,0,,,,,,,,,,,,0,,,,,,,,,,,,,,,,0,,,,,,0,,,,0,,,,,,,,0,,,,,,,,,,,,,0,,,,,,,,,,,,,,,,,,,,,,,,,,0,0,0,,,,0,,,,0,,,,,,,0,,,,,,,,,,,0,,,,,,1.00,,,,,,,,,,
1899,,0,,0,,,,,,,,,,,,,,,,,,,,,,,,,0,,,,0,,,,,,,,,,,,0,,,,,0,,,,,,,,,,,,,,0,,,,,,,,,,,,,0,,,,0,,,,,,,,,0,,,,,,,,,,,,0,,,,,,,,,,,,,,,,0,,,,,,0,,,,0,,,,,,,,0,,,,,,,,,,,,,0,,,,,,,,,,,,,,,,,,,,,,,,,,0,0,0,,,,0,,,,0,,,,,,,0,,,,,,,,,,,0,,,,,,1.28,,,,,,,,,,
1900,,0,,0,,,,,,,,,,,,,,,,,,,,,,,,,0,,,,0,,,,,,,,,,,,0,,,,,0,,,,,,,,,,,,,,0,,,,,,,,,,,,,0,,,,0,,,,,,,,,0,,,,,,,,,,,,0,,,,,,,,,,,,,,,,0,,,,,,0,,,,0,,,,,,,,0,,,,,,,,,,,,,0,,,,,,,,,,,,,,,,,,,,,,,,,,0,0,0,,,,0,,,,0,,,,,,,0,,,,,,,,,,,0,,,,,,1.39,,,,,,,,,,
1901,,0,,0,,,,,,,,,,,,,,,,,,,,,,,,,0,,,,0,,,,,,,,,,,,0,,,,,0,,,,,,,,,,,,,,0,,,,,,,,,,,,,0,,,,0,,,,,,,,,0,,,,,,,,,,,,0,,,,,,,,,,,,,,,,0,,,,,,0,,,,0,,,,,,,,0,,,,,,,,,,,,,0,,,,,,,,,,,,,,,,,,,,,,,,,,0,0,0,,,,0,,,,0,,,,,,,0,,,,,,,,,,,0,,,,,,1.66,,,,,,,,,,
1902,,0,,0,,,,,,,,,,,,,,,,,,,,,,,,,0,,,,0,,,,,,,,,,,,0,,,,,0,,,,,,,,,,,,,,0,,,,,,,,,,,,,0,,,,0,,,,,,,,,0,,,,,,,,,,,,0,,,,,,,,,,,,,,,,0,,,,,,0,,,,0,,,,,,,,0,,,,,,,,,,,,,0,,,,,,,,,,,,,,,,,,,,,,,,,,0,0,0,,,,0,,,,0,,,,,,,0,,,,,,,,,,,0,,,,,,2.15,,,,,,,,,,
1903,,0,,0,,,,,,,,,,,,,,,,,,,,,,,,,0,,,,0,,,,,,,,,,,,0,,,,,0,,,,,,,,,,,,,,0,,,,,,,,,,,,,0,,,,0,,,,,,,,,0,,,,,,,,,,,,0,,,,,,,,,,,,,,,,0,,,,,,0,,,,0,,,,,,,,0,,,,,,,,,,,,,0,,,,,,,,,,,,,,,,,,,,,,,,,,0,0,0,,,,0,,,,0,,,,,,,0,,,,,,,,,,,0,,,,,,2.53,,,,,,,,,0,
1904,,0,,0,,,,,,,,,,,,,,,,,,,,,,,,,0,,,,0,,,,,,,,,,,,0,,,,,0,,,,,,,,,,,,,,0,,,,,,,,,,,,,0,,,,0,,,,,,,,,0,,,,,,,,,,,,0,,,,,,,,,,,,,,,,0,,,,,,0,,,,0,,,,,,,,0,,,,,,,,,,,,,0,,,,,,,,,,,,,,,,,,,,,,,,,,0,0,0,,,,0,,,,0,,,,,,,0,,,,,,,,,,,0,,,,,,2.73,,,,0,,,,,0,
1905,,0,,0,,,,,,,,,,,,,,,,,,,,,,,,,0,,,,0,,,,,,,,,,,,0,,,,,0,0,,,,,,,,,,,,,0,,,,,,,,,,,,,0,,,,0,,,,,,,,,0,,,,,,,,,,,,0,,,,,,,,,,,,,,,,0,,,,,,0,,,,0,,,,,,,,0,,,,,,,,,,,,,0,,,,,,,,,0,,,,,,,,,,,,,,,,,0,0,0,,,,0,,,,0,,,,,,,0,,,,,,,,,,,0,,,,,,3.49,,,,,,,,,0,
1906,,0,,0,,,,,,,,,,,,,,,,,,,,,,,,,0,,,,0,,,,,,,,,,,,0,,,,,0,,,,,,,,,,,,,,0,,,,,,,,,,,,,0,,,,0,,,,,,,,,0,,,0,,,,,,,,,0,,,,,,,,,,,,,,,,0,,,,,,0,,,,0,,,,,,,,0,,,,,,,,,,,,,0,,,,,,,,,,,,,,,,,,,,,,,,,,0,0,0,,,,0,,,,0,,,,,,,0,,,,,,,,,,,0,,,,,,4.47,,,,,,,,,0,
1907,,0,,0,,,,,,,,,,,,,,,,,,,,,,,,,0,,,,0,,,,,,,,,,,,0,,,,,0,,,,,,,,,,,,,,0,,,,,,,,,,,,,0,,,,0,,,,,,,,,0,,,,,,,,,,,,0,,,,,,,,,,,,,,,,0,,,,,,0,,,,0,,,,,,,,0,,,,,,,,,,,,,0,,,,,,,,,,,,,,,,,,,,,,,,,,0,0,0,,,,0,,,,0,,,,,,,0,,,,,,,,,,,0,,,,,,4.60,,,,,,,,,0,
1908,,0,,0,,,,,,,,,,,,,,,,,,,,,,,,,0,,,,0,,,,,,,,,,,,0,,,,,0,,,,,,,,,,,,,,0,,,,,,,,,,,,,0,,,,0,,,,,,,,,0,,,,,,,,,,,,0,,,,,,,,,,,,,,,,0,,,,,,0,,,,0,,,,,,,,0,,,,,,,,,,,,,0,,,,,,,,,,,,,,,,,,,,,,,,,,0,0,0,,,,0,,,,0,,,,110.70,,,0,,,,,,,,,,,0,,,,,,4.68,,,,0,,,,,0,
1909,,0,,0,,,,,,,,,,,,,,,,,,,,,,,,,0,,,,0,,,,,,,,,,,,0,,,,,0,0,,,,,,,,,,,,,0,,,,,,,,,,,,,0,,,,0,,,,,,,,,0,,,,,,,,,,,,0,,,,,,,,,,,,,,,,0,,,,,,0,,,,0,,,,,,,,0,,,,,,,,,,,,,0,,,,,,,,,0,,,,,,,,,,,,,,,,,0,0,0,,,,0,,,,0,,,,109.70,,,0,,,,,,0,,,,,0,,,,,,5.91,,,,,,,,,0,
1910,,0,,0,,,,,,,,,,,,,,,,,,,,,,,,,0,,,,0,,,,,,,,,,,,0,,,,,0,0,,,,,,,,,,,,,0,,,,,,,,,,,,,0,,,,0,,,,,,,,,0,,0,,,,,,,,,,0,,,,,,,,,,,,,,,,0,,,,,,0,,,,0,,,,,,,,0,,,,,,,,,,,,,0,,,,,,,,,0,,,,,,,,,,,,,,,,,0,0,0,,,,0,,,,0,,,,128.40,,,0,,,,,,0,,,,,0,,,,,,6.91,,,,,,,,,0,
1911,,0,,0,,,,,,,,,,,,,,,,,,,,,,,,,0,,,,0,,,,,,,,,,,,0,,,,,0,0,,,,,,,,,,,,,0,,,,,,,,,,,,,0,,,,0,,,,,,,,,0,,,0,,,,,,,,,0,,,,,,,,,,,,,,,,,,,,,,0,,,,0,,,,,,,,0,,,,,,,,,,,,,0,,,,,,,,,0,,,,,,,,,,,,,,,,,0,0,0,,,,0,,,,0,,,,141,,,0,,,,,,0,,,,,0,,,,,,7.07,,,,,,,,,0,
1912,,0,,0,,,,,,,,,,,,,,,,,,,,,,,,,0,,,,0,,,,,,,,,,,,0,,,,,0,0,,,,,,,,,,,,,0,,,,,,,,,,,,,0,,,,0,,,,,,,,,0,,,0,,,,,,,,,0,,,,,,,,,,,,,,,,0,,,,,,0,,,,0,,,,,,,,0,,,,,,,,,,,,,0,,,,,,,,,0,,,,,,,,,,,,,,,,,0,0,0,,,,0,,,,0,,,,169.20,,,0,,,,,,0,,,,,0,,,,,,7.41,,,,,,,,,0,
1913,,0,,0,,,,,,,,,,,,,,,,,,,,,,,,,0,,,,0,,,,,,,,,,,,0,,,,,0,0,,,,,,,,,,,,,0,,,,,,,,,,,,,0,,,,0,,,,,,,,,0,,0,0,,,,,,,,,0,,,,,,,,,,,,,,,,0,,,,,,0,,,,0,,,,,,,,0,,,,,,,,,,,,,0,,,,,,,,,0,,,,,,,,,,,,,,,,,0,0,0,,,,0,,,,0,,,,194.40,,,0,,,,,,0,,,,,0,,,,,,8.27,,,,0,,,,,0,
1914,,0,,0,,,,,,,,,,,,,,,,,,,,,,,,,0,,,,0,,,,,,,,,,,,0,,,,,0,0,,,,,,,,,,,,,0,,,,,,,,,,,,,0,,,,0,,,,,,,,,0,,0,0,,,,,,,,,0,,,,,,,,,,,,,,,,0,,,,,,0,,,,0,,,,,,,,0,,,,,,,,,,,,,0,,,,,,,,,0,,,,,,,,,,,,,,,,,0,0,0,,,,0,,,,0,,,,138.70,,,0,,,,,,0,,,,,0,,,,,,7.92,,,,0,,,,,0,
1915,,0,,0,,,,,,,,,,,,,,,,,,,,,,,,,0,,,,0,,,,,,,,,,,,0,,,,,0,0,,,,,,,,,,,,,0,,,,,,,,,,,,,0,,,,0,,,,,,,,,0,,0,0,,,,,,,,,0,,,,,,,,,,,,,,,,0,,,,,,0,,,,0,,,,,,,,0,,,,,0,,,,,,,,0,,,,,,,,,0,,,,,,,,,,,,,,,,,0,0,0,,,,0,,,,0,,,,152.50,,,0,,,,,,0,,,,,0,,,,,,7.71,,,,0,,,,,0,
1916,,0,,0,,,,,,,,,,,,,,,,,,,,,,,,,0,,,,0,,,,,,,,,,,,0,,,,,0,0,,,,,,,,,,,,,0,,,,,,,,,,,,,0,,,,0,,,,,,,,,0,,0,0,,,,,,,,,0,,,,,,,,,,,,,,,,0,,,,,,0,,,,0,,,,,,,,0,,,,,0,,,,,,,,0,,,,,,,,,0,,,,,,,,,,,,,,,,,0,0,0,,,,0,,,,0,,,,173,,,0,,,,,,0,0,,,,0,,,,,,8.22,,,,0,,,,,0,
1917,,0,,0,,,,,,,,,,,,,,,,,,,,,,,,,0,,,,0,,,,,,,,,,,,0,,,,,0,,,,,,,0,,,,,,,0,,,,,,,,,,,,,0,,,,0,,,,,,,,,0,,0,0,,,,,,,,,0,,,,,,,,,,,,,,,,0,,,,,,0,,,,0,,,,,,,,0,,,,,0,,,,,,,,0,,,,,,,,,,,,,,,,,,,,,,,,,,0,0,0,,,,0,,,,0,,,,139.90,,,0,,,,,,0,0,,,,0,,,,,,8.32,,,,0,,,,,0,
1918,,0,,0,,,,,,,,,,,,,,,,,,,,,,,,,0,,,,0,,,,,,,,,,,,0,,,,,0,0,,,,,,0,,,,,,,0,,,,,,,,,,,,,0,,,,0,,,,,,,,,0,,0,0,,,,,,,,,0,,,,,,,,,,,,,,,,0,,,,,,0,,,,0,,,,,,,,0,,,,,0,,,,,,,,0,,,,,,,,,0,,,,,,,,,,,,,,,,,0,0,0,,,,0,,,,0,,,,113.20,,,0,,,,,,0,0,,,,0,,,,,,6.37,,,,0,,,,,0,
1919,,0,,0,,,,,,,,,,,,,,,,,,,,,,,,,0,,,,0,,,,,,,,,,,,0,,,,,0,0,,,,,,0,,,,,,,0,,,,,,,,,,,,,0,,,,0,,,,,,,,,0,,0,0,,,,,,,,,0,,,,,,,,,,,,,,,,0,,,,,,0,,,,0,,,,,,,,0,,,,,0,,,,,,,,0,,,,,,,,,0,,,,,,,,,,,,,,,,,0,0,0,,,,0,,,,0,,,,117.50,,,0,,,,,,0,,,,,0,,,,,,7.24,,,,0,,,,,0,
1920,,0,,0,,,,,,,,,,,,,,,,,,,,,,,,,0,,,,0,,,,,,,,,,,,0,,,,,0,0,,,,,,0,,,,,,,0,,,,,,,,,,,,,0,,,,0,,,,,,,,,0,,0,0,,,,,,,,,0,,,,,,,,,,,,,,,,0,,,,,,0,,,,0,,,,,,,,0,,,,,0,,,,,,,,0,,,,,,,,,0,,,,,,,,,,,,,,,,,0,0,0,,,,0,,,,0,,,,140,,,0,,,,,,0,0,,,,0,,,,,,8.88,,,,0,,,,,0,
1921,,0,,0,,,,,,,,,,,,,,,,,,,,,,,,,0,,,,0,,,,,,,0,,,,,0,,,,,0,0,,,,,,0,,,,,,,0,,,,,,,,,,,,,0,,,,0,,,,,,,,,0,,0,0,,,,,,,,,0,,,,,,,,,,,,,,,,0,,,,,,0,,,,0,,,,,,,,0,,,,,0,,,,,,,,0,,,,,,,,,0,,,,,,,,,,,,,,,,,0,0,0,,,,0,,,,0,,,,120.80,,,0,,,,,,0,0,,,,0,,,,,,8.77,,,,0,,,,,0,
1922,,0,,0,,,,,,,,,,,,,,,,,,,,,,,,,0,,,,0,,,,,,,0,,,,,0,,,,,0,0,,,,,,0,,,,,,,0,,,,,,,,,,,,,0,,,,0,,,,,,,,,0,,,0,,,,,,,,,0,,,,,,,,,,,,,,,,0,,,,,,0,,,,0,,,,,,,,0,,,,,0,,,,,,,,0,,,,,,,,,0,,,,,,,,,,,,,,,,,0,0,0,,,,0,,,,0,,,,182.50,,,0,,,,,,0,,,,,0,,,,,,10.20,,,,0,,,,,0,
1923,,0,,0,,,,,,,,,,,,,,,,,,,,,,,,,0,,,,0,,,,,,,0,,,,,0,,,,,0,0,,,,,,0,,,,,,,0,,,,,,,,,,,,,0,,,,0,,,,,,,,,0,,,0,,,,,,,,,0,,,,,,,,,,,,,,,,0,,,,,,0,,,,0,,,,,,,,0,,,,,0,,,,,,,,0,,,,,,,,,0,,,,,,,,,,,,,,,,,0,0,0,,,,0,,,,0,,,,195.60,,,0,,,,,,0,,,,,0,,,,,,12.24,,,,0,,,,,0,
1924,,0,,0,,,,,,,,,,,,,,,,,,,,,,,,,0,,,,0,,,,,,,0,,,,,0,,,,,0,0,,,,,,0,,,,,,,0,,,,,,,,,,,,,0,,,,0,,,,,,,,,0,,0,0,,,,,,,,,0,,,,,,,,,,,,,,,,0,,,,,,0,,,,0,,,,,,,,0,,,,,0,,,,,,,,0,,,,,,,,,0,,,,,,,,,,,,,,,,,0,0,0,,,,0,,,,0,,,,202.70,,,0,,,,,,0,,,,,0,,,,,,13.30,,,,0,,,,,0,
1925,,0,,0,,,,,,,,,,,,,,,,,,,,,,,,,0,,,,0,,,,,,,0,,,,,0,,,,,0,0,,,,,,0,,,,,,,0,,,,,,,,,,,,,0,,,,0,,,,,,,,,0,,0,0,,,,,,,,,0,,,,,,,,,,,,,,,,0,,,,,,0,,,,0,,,,,,,,0,,,,,0,,,,,,,,0,,,,,,,,,0,,,,,,,,,,,,,,,,,0,0,0,,,,0,,,,0,,,,222.30,,,0,,,,,,0,,,,,0,,,,,,14120,,,,0,,,,,0,
1926,,0,,0,,,,,,0,,,,,,,,,,,,,,0,,,,,0,,,,0,,,,,,,0,,,,,0,,,0,,0,0,,,,,,0,,,,,,,0,,,,,,,,,,,,,0,,,,0,,,,,,,,,0,,0,0,,,,,,,,,0,,,,,,,,,,,,,,,,0,,,,,,0,,,,0,,,,,,,,0,,,,,0,,,,,,,,0,,,,,,,,,0,,,,,,,,,,0,,,,,,,0,0,0,,,,0,,,,0,,,,234.80,,,0,,,,,,0,,,,,0,,,,,,14420,,,,0,,,,,0,
1927,,0,,0,,,,,,0,,,,,,,,,,,,,,0,,,,,0,,,,0,,,,,,,0,,,,,0,,,0,,0,0,,,,,,0,,,,,,,0,,,,,,,,,,,,,0,,,,0,,,,,,,,,0,0,0,0,,,,,,,,,0,,,,,,,,,,,,,,,,0,,,,,,0,,,,0,,,,,,,,0,,,,,0,,134.30,,,,,,0,,,,,,,,,0,,,,,,,,,,0,,,,,,,0,0,0,,,,0,,,,0,,,,247.30,,,0,,,,,,0,,,,,0,,,,,,14970,,,,0,,,,,0,
1928,,0,25.44,0,,,,116.30,3.64,0,378,258.10,7.35,,,,0,21.09,1505,,,,,0,8.82,,43.61,,0,54.51,,,0,868.60,,,,54.57,39.78,0,,,,,0,387.40,,0,,0,0,21.81,385.20,,,,0,43.80,,,,5.53,,0,,,138.10,2097,,,,,4.58,3812,,72.69,0,,,,0,,,,,,210.80,,288.80,0,0,0,0,,1519,,1897,,58.64,,,0,,10.11,,3.64,,,,,,13.75,,,33.45,,,0,,,,,,0,,105.40,,0,,29.07,7.27,0,,,,0,,101.70,,,0,,158.30,,,,,,0,,25.42,32.71,0,541.50,36.34,,,0,6.64,,,,163.60,586.80,,,,0,,,,,132.10,,0,0,0,73.38,,,0,763.20,,,0,,,,233.20,312.50,,0,3.64,,,,,0,,29.07,10.11,,0,,151.70,,2173,,15320,,54.05,,0,79.95,,,,0,35522
1929,,0,27.81,0,,,,174.40,4.50,0,356.20,287.10,9.09,,,,0,26.10,1606,,,,,0,0,,47.25,,0,76.32,,,0,963,,,,72.62,76.51,0,,,,,0,0,,0,,0,0,29.07,396.10,,,,0,87.22,,,,6.84,,0,,,138.10,2860,,,,,5.67,3562,,76.32,0,,,,0,,,,,,199.90,,292.60,72.69,0,0,0,,1730,,2112,,72.55,,,0,,12.51,,4.50,,,,,,17.01,,,0,,,0,,,,,,0,,112.70,,0,,32.71,10.90,0,,,,105.40,,98.13,,,0,,159.10,,,,,,0,,25.43,38.36,0,497.90,43.61,,,0,8.07,,,,156.30,727.60,,,,0,,,,,0,,0,0,0,0,,,178.10,901.30,,,0,,,,284,341.60,,0,4.50,,,,,0,,32.71,12.51,,0,,191.90,,2355,,14900,,66.88,,0,90.86,,,,0,36780
1930,,0,32.71,0,,,,189,5.83,0,348.90,298,11.77,,,,0,33.79,1508,,,,,0,0,,43.58,,0,87.22,,,0,926.70,,,,79.88,73.45,0,,,,,0,0,,0,,391.60,0,32.71,385.20,,,,0,148.50,,,,8.85,,0,,,101.60,2468,,,,,7.34,2802,,87.33,0,,,,0,,,,,,163.50,,292.60,69.07,0,0,0,39.98,1723,,1853,,93.94,,,0,,16.20,,5.83,,,,,,22.02,,,0,,,0,,,,,,0,,0,,0,,36.34,10.90,0,,,,109,,94.49,,,0,,160.20,,,,,,0,,10.90,50.88,0,410.70,47.29,,,0,9.96,,,,196.30,951.30,,,,0,,,,,0,,0,0,221.10,0,,,0,908.40,,,0,,,,304.60,389,,0,5.83,,,,,0,,29.07,16.20,,0,,265.50,,2526,,14200,,86.60,,0,83.59,,,,0,35473
1931,,0,37.74,0,,,,265.30,6.24,0,196.30,149,12.60,,,,0,36.18,1218,,,,,0,9.70,,83.59,,0,50.88,,,0,799.50,,,,50.88,97.93,0,,,,,0,433.20,,0,,391.50,0,21.81,250.80,,,,0,119.90,,,,9.48,,0,,,79.95,2424,,,,,7.86,1897,,98.13,0,,,,0,,,,,,145.40,,300.10,65.40,0,0,0,39.98,1519,,1788,,100.60,,,0,,17.34,,6.24,3.63,,,,,23.57,,,36.93,,,0,,,,,,0,,0,,0,,75.71,10.90,0,,,,98.13,,76.25,,,0,,109.70,,,,,,0,,14.54,47.25,0,268.90,47.25,,,0,10.65,,,,98.14,1018,,,,0,,,,,144.70,,0,0,221.30,81.20,,,0,806.80,,,0,,,,257.90,421.60,3.63,0,6.24,29.07,,,,0,,50.83,17.34,,0,,284.80,,2958,,10740,,92.70,,0,76.32,,,,0,30865
1932,,0,43.61,0,,,,247.10,6.58,0,123.60,174.40,13.27,,,,0,38.11,1039,,,,,0,7.26,,72.69,,0,69.05,,,0,363.40,,,,54.51,79.57,0,,,,,0,300.20,,0,,353.10,0,7.27,203.60,,,,0,119.90,,,,9.98,,0,,,76.23,2486,,,,,8.28,1428,,98.13,0,,,,0,,,,,,98.13,,303.80,39.98,0,0,0,50.88,1545,,1843,,105.90,,,0,,18.26,,6.58,10.90,,,,,24.84,,,27.35,,,0,,,,,,0,,0,,0,,109,10.90,0,,,,127.20,,72.69,,,0,,117.30,,,,,,0,,10.90,55.82,0,174.40,58.15,,,0,11.55,,,,105.40,1066,,,,0,,,,,108.80,,0,0,199.50,59.50,,,141.70,705.10,,,0,,,,241,396.10,10.90,0,6.58,25.44,,,,0,,54.46,18.27,,0,,287.60,,2137,,6615,76.32,97.66,,0,83.59,,,,0,24680
1933,,0,36.34,0,,,,254.50,5.16,0,159.90,138.10,10.41,,0,,0,29.88,963.10,,,,,0,7.11,,109,,0,58.24,,,0,189,,,,69.05,113.20,0,,,,,0,292.20,,0,,278.60,0,3.63,272.60,,,,0,141.70,,,,7.83,,0,,,80.05,2301,,,,,6.49,1944,,98.28,0,,,,0,,,,,,90.82,,318.80,36.34,0,0,0,65.42,1756,,2366,,83.07,,,0,,14.32,,5.16,14.54,,,,,19.47,,,26.75,3.63,,0,,,,,,0,,0,,0,,98.13,10.18,0,,,,178.10,,87.13,,,0,,110.80,,,,,,0,,14.53,47.25,0,203.50,79.95,,,0,9.19,,,,109,833.10,,,,0,,,,,106.40,,0,0,157.60,58.16,,,152.60,694.10,,,0,,,,200.70,0,14.54,0,5.16,21.81,,,,0,18.17,58.15,14.32,,0,,220.90,,2210,,5553,65.42,76.57,,0,54.51,,,,0,23831
1934,,0,47.25,0,,,,279.80,6.72,0,207.20,152.60,13.57,,0,,0,38.97,937.60,,,,,0,7.31,,159.90,,0,58.06,,,0,272.60,,,,101.70,97.93,36.34,,,,,0,313.60,,0,,293.10,103.30,3.63,381.60,,,,0,145.40,,,,10.21,,0,,,112.70,2410,,,,,8.47,3198,,123.60,0,,,,0,,,,,,112.70,,390.10,54.52,0,0,0,69.05,2013,,2304,,108.30,,,0,,18.68,,6.72,,,,,,25.40,,,27.66,7.27,,0,,,,,,0,,0,,0,,90.86,7.27,0,,,,196.30,,0,,,0,,123.60,,,,,,0,,21.82,47.25,13.84,356.20,90.94,,,5.74,12.11,,,,156.30,1085,,,,0,,,,,109.60,,0,0,165.70,60.48,,,214.40,672.30,,,0,,,,287.10,0,10.90,0,6.72,25.44,,,,0,18.17,83.59,18.68,,0,,284.90,,2609,,6857,50.88,99.87,,0,58.15,,,,0,28500
1935,,0,31.82,0,,,,356.30,8.54,0,276.20,181.70,17.24,,0,,,49.49,1087,,,,,0,8.61,,181.60,,0,50.88,,,0,272.60,,,,141.60,156.10,36.34,,,,,0,371.60,,0,,312.30,216.90,3.63,374.30,,,,7.27,189,,,,12.97,,0,,,134.30,2177,,,,,10.76,4354,,134.60,0,,,,0,,,,,,138.10,,453.90,69.06,0,0,0,90.86,2086,,2904,,137.60,,,0,,23.72,,8.54,50.88,,,,,32.25,,,32.58,3.63,,0,,,,,,0,,123.60,,0,,94.49,7.27,0,,,,178.10,,61.73,,,0,,130.80,,,,,,0,,29.07,54.51,3.63,417.90,105.40,,,12.05,15.53,,,,189,1376,,,,0,,,,,128.50,,0,0,176.50,71.33,,,261.70,668.70,,,0,,,,367.10,0,14.54,0,8.54,25.44,,,,0,18.17,65.42,23.72,,0,,357.70,,2991,,6643,50.88,126.80,,10.90,54.51,,,,0,32049
1936,,3.66,32.71,0,,,,410.70,11.19,0,323.50,181.70,22.58,,0,,,64.83,1163,,,,,0,7.03,,239.70,,0,54.51,,,0,388.90,,,,123.50,428.50,50.81,,,,,0,287.40,,0,,343.50,265.30,3.63,392.40,,,,0,167.20,,,,16.98,,0,,,163.50,2293,,,,,14.09,5778,,138.10,0,,,,0,,,,,,105.40,0,498.90,65.42,0,0,0,76.32,1890,,3082,,180.20,,,0,,31.07,,11.19,58.15,,,,,42.25,,,26.43,,,0,,,,,,0,,141.80,,0,,79.95,7.27,0,,,,199.90,,76.32,,,0,,149,,,,,,0,,36.34,65.42,3.63,519.70,119.90,,,14.74,20.49,,,,185.30,1801,,,,0,,,,,105.30,,0,0,194.20,57.40,,,374.30,297.90,,,0,,,,392.50,250.80,29.07,0,11.19,29.07,,,,0,25.44,69.05,31.07,,0,,465.10,,3311,,9889,54.51,166.10,,18.17,72.69,,,,0,38701
1937,,7.33,32.71,0,,,,512.30,10.43,0,363.40,210.80,21.06,,0,,,60.47,1486,,,,,0,6.69,,283.50,,0,65.42,,,0,483.40,,,,156.30,437.70,61.70,,,,,0,304.70,,0,,444.40,310,3.77,334.40,,,,0,163.50,,,,15.84,,0,,,203.40,2104,,,,,13.14,6229,,141.70,0,,,,0,,,,,,192.70,0,581.40,0,0,0,0,79.95,2155,,2984,,168.10,,,0,,28.98,,10.43,61.78,,,,,39.41,,,25.48,,,0,,,,,,0,,170.80,,0,,76.32,7.27,0,,,,218.10,,87.22,,,0,,159.90,,,,,,0,,39.96,72.69,3.89,636,127.10,,,17.22,19.05,,,,225.30,1680,,,,0,,,,,100.80,,0,0,251.10,56.14,,,414.30,189,,,0,,,,432.50,0,61.78,0,10.43,36.34,,,,0,29.07,105.40,28.98,,0,,435.20,,3609,,10300,72.69,154.90,,21.81,116.30,,,,0,40766
1938,,0,0,0,,,,614.30,10.89,0,178.10,320,21.99,,0,,,63.15,1508,,,,,0,7.52,,305.50,,0,87.32,,,0,432.50,,,,181.70,9.18,69.05,,,,,0,484.20,,0,,0,0,7.50,316.20,,,,0,185.30,,,,16.54,,0,,,236.20,0,,,,,13.72,7712,,152.40,0,,,,0,,,,,54.51,196.30,,0,0,0,54.51,0,47.25,2279,,2729,,175.50,,,0,,30.26,,10.89,61.78,,,,,41.15,,,29.60,,,0,,,,,,0,,185.40,,0,,79.95,11.99,0,,,,225.30,,109,,,0,,163.60,,,,,,0,,50.86,83.59,10.90,850.50,130.80,,,0,19.88,,,,221.70,1755,,,,0,,,,,113.10,,0,0,0,67.90,,,432.50,294.40,,,0,,,,490.60,319.80,61.78,0,10.89,39.98,,,,0,32.71,130.90,30.27,,0,,454.70,,3903,,9182,76.32,161.80,,18.18,130.80,,,,0,38494
1939,,0,0,0,,,,556,10.90,0,338,366.90,22,,0,,0,63.16,1261,,,,,0,6.95,,345.50,,0,87.31,,,0,450.70,,,,167.20,223.40,83.59,,,,,0,467.10,,0,,91.15,561.40,17.44,345.30,,,,7.29,185,,,14.54,16.55,,0,,,279.60,0,,,,,13.73,6898,,170.80,0,,,,0,,,,,54.51,0,,0,83.58,0,127.20,0,54.51,2526,,2508,,175.60,,,0,,30.27,,10.90,58.15,,,,,41.16,,,27.45,,,0,,,,,,0,,203.50,,0,,0,14.54,0,,,,268.90,,116.30,,,0,,192.60,,,,,,0,,58.18,0,0,0,145.40,,,31.19,19.90,,,,261.70,1755,,,,0,,,,,104.90,,0,0,51.88,63.23,,,468.80,588.80,,,0,,,,585.10,0,58.15,0,10.90,47.25,,,,0,29.44,141.70,30.27,,0,,454.40,,,,10730,87.22,161.80,,43.61,152.60,,,,0,35620
1940,,0,0,0,,,,534.40,11.11,0,348.80,403.40,22.42,,0,,,64.39,105.40,,,,,0,0,,367.10,,0,0,,,0,592.40,,,,189,272.40,94.49,,,,,0,0,,0,,69.56,0,11.45,218.10,,,,7.27,178.10,,,7.27,16.87,,0,,,149,0,,,,,13.99,5310,,94.49,0,,,,0,,,,,,0,0,0,0,0,134.50,32.71,72.69,2373,,2101,,179,,,0,,30.86,,11.11,21.81,,,,,41.96,,,0,,,0,,,,,,0,,239.80,,0,,0,14.54,0,,,,0,,108.90,,,0,,167.20,,,,,,0,,61.78,0,10.90,0,134.50,,,0,20.80,,,,196.30,1785,,,,0,,,,,0,,0,0,39.61,0,,,410.70,770.50,,,0,,,,345.30,319.80,21.81,0,11.11,58.15,,,,0,31.01,130.90,30.86,,0,,462.80,,,,11480,83.59,165,,43.61,138.10,,,,0,31360
1941,,7.33,0,0,,,,577.90,11.12,0,341.60,417.80,22.45,,0,,,64.48,312.50,,,,,0,,,378,,0,0,,,0,657.80,,,,178.10,495.80,105.40,,,,,0,,76.32,0,,98.36,612.90,21.81,207.20,,,,7.27,207.20,,,3.63,16.89,10.90,0,,,152.60,1683,,,,,14.01,5608,,32.71,0,,,10.90,0,,,,,54.51,330.70,0,1084,83.60,0,145.40,25.44,58.15,1381,,2882,,179.20,,,0,,30.90,,11.12,21.81,,,,,42.02,,,0,,,0,,,,,,0,,265.30,,0,,0,14.54,0,,,,228.90,,108.90,,,0,,156.30,,,,,,0,,83.59,90.86,10.90,0,134.50,,,34.05,21.35,,,,305.20,1784,,,,0,,,,,,,0,0,55.97,,,,432.50,810.40,,,0,,,,319.70,352.30,21.81,105.40,11.12,58.15,,,,0,29.07,134.60,30.90,,0,,463.10,,3587,,14430,87.22,165.20,,58.15,149,,,,0,43204
1942,,0,0,0,,,,530.70,,0,279.80,338,,,0,,,,250.80,,,,,0,,,370.50,,0,0,,,0,716,,,,181.60,654.90,101.80,,,,,0,,83.59,0,,105.50,554.30,32.71,214.40,,,,10.90,207.20,,,10.90,,10.90,0,,,87.22,1236,,,,,,3602,,14.78,0,,,10.90,0,,,,,,359.80,,1133,0,0,98.18,25.44,109,1108,,2151,,,,,0,,,,,348.90,,,,,,,,0,,,0,,,,,,0,,290.70,,0,,0,10.90,0,,,,181.70,,109,,,0,,185.50,,,,,,0,,94.49,,11.21,0,119.90,,,30.80,,,,,181.70,,,,,0,,,,,,,0,0,60.07,,,,468.80,814.10,,,0,,,,407,217.90,54.51,112.70,,,,,,0,29.07,105.40,,,0,,,,3645,,15990,72.69,,,61.76,87.22,,,,0,38277
1943,,0,39.98,0,,,,472.30,,0,196.20,381.60,,,0,,,,229,,,,,0,54.86,,370.50,,0,0,,,0,574.20,,,,185.30,639.60,127.30,,,,,0,60.57,83.59,0,,115.10,654.30,32.71,316.20,,,,14.54,159.90,,,14.54,,10.90,0,,,116.40,1446,,,,,,4485,,0,0,,,10.90,0,,,,,,345.30,0,1095,0,0,123.60,18.17,83.59,846.40,,1861,,,,,0,,,,,36.34,,,,,,,,40.91,,,0,,,,,,0,,287.10,,0,,69.05,15.66,0,,,,178.10,,112.70,7.27,,0,,152.60,,,,,,0,,101.80,,10.90,0,123.40,,,36.35,,,,,225.30,,,,,0,,,,,162.80,,0,0,65.54,45.96,,,454.30,839.50,,,0,,,,457.80,181.80,36.34,152.60,,32.71,,,,0,11.74,83.59,,,0,,,,3500,,11970,65.42,,,54.51,61.78,,,,0,34736
1944,,0,46.90,0,,,,534.20,,0,218.10,0,,,0,,,,298,,,,,0,0,,399.80,,0,61.78,,,0,563.30,,,,178.10,489.70,138,,,,,0,0,87.22,0,,0,468.30,43.61,319.80,,,,18.12,210.60,,,18.17,,,0,,,87.22,734.10,,,,,,0,,0,0,,,10.90,0,,,,,,76.32,0,1058,0,0,109,18.17,87.22,668,,1465,,,,,0,,,,,65.42,,,,,,,,0,,,0,,,,,,0,,301.60,,0,,54.51,13.63,0,,,,105.40,,112.70,3.63,,0,,159.80,,,,,,0,,123.60,,14.54,0,120.10,,,26.02,,,,,159.90,,,,,0,,,,,0,,0,0,0,0,,,552.40,912.10,,,0,,,,523.30,210.80,18.17,119.90,,14.54,,,,0,29.07,141.70,,,0,,,,2290,,7982,94.49,,,58.15,0,,,,0,22615
1945,,0,50.88,0,,,,537.90,3.47,0,348.90,0,7.01,,0,,,20.13,319.80,,,,,0,1.37,,381.60,,0,119.90,,,0,665.10,,,,203.50,18.36,149.10,,,,,0,101.20,109,0,,0,65.42,37.13,109,,,,18.17,214.40,,,,5.27,,0,,,137.30,777.70,,,,,4.38,0,,25.44,0,,,14.54,0,,,,,,18.18,0,1110,0,0,94.49,10.90,72.69,563.80,,577.90,,55.96,,,0,,9.65,,3.47,72.69,,,,,13.12,25.44,,5.45,0,,0,,,,,,0,,367.10,,0,,36.34,16.87,0,,,,112.70,,116.40,7.27,,0,,69.05,,,,,,0,,130.80,14.54,14.54,149,130.80,,,3.63,7.30,,,,123.60,551.80,,,,0,,,,,20.98,,0,0,0,12.65,,,519.70,952.20,,,0,,,,600.10,203.50,18.17,0,3.47,,,,,0,29.07,141.70,9.65,,0,,144.10,,2035,,9058,109,51.58,,58.14,3.63,,,,32.71,22935
1946,,0,57.87,0,,,,563.30,6.56,0,363.40,192.70,13.24,,0,0,,38.01,934,,,,,0,6.16,,406.80,,0,0,,,0,908.50,,,,287.10,85.69,163.50,,,,,0,417,130.80,0,,300.10,72.69,39.98,247.10,,,,18.17,290.70,,,,9.96,,0,,,163.50,1047,,,,,8.26,1283,,50.88,0,,,14.54,0,,,,,,79.98,0,1005,0,0,149,21.80,130.80,999.40,,457.90,,105.70,,,0,0,18.22,,6.56,72.69,,,,,24.77,36.34,,24.33,,,0,,,,,,0,,363.50,,0,,86.76,13.63,0,,,,199.90,,112.70,3.63,,0,,214.40,,,0,,,0,,127.20,29.07,14.88,690.50,159.90,,,3.66,14.08,,,,156.20,1040,,,,0,,,,,93.28,,0,0,170.10,56.07,,,581.50,1061,,,0,,,,723.20,341.60,21.81,0,6.56,,,,,0,41.12,159.90,18.22,,0,,271.90,,3304,,14560,134.50,97.40,,61.78,18.17,,,,32.71,36240
1947,,0,61.78,0,,,,672.50,9.28,0,443.40,138.10,18.74,,0,0,0,53.80,1290,,,,,0,13.11,,450.70,,0,0,,,0,937.60,,,,298,174.40,170.80,,,,,0,776,138.10,0,,458.70,72.69,57.50,312.50,,,7.27,14.58,319.80,,,,14.10,,0,,,207.20,1904,,,,,11.69,1519,,90.86,0,,,14.54,0,,,,,18.17,101.80,0,750.20,3.63,0,145.30,21.81,163.50,1363,,610.60,,149.50,,,0,0,25.78,,9.28,83.59,,,,,35.06,43.61,,51.32,3.63,,0,,,,,,0,,494.30,,0,,108.60,17.10,0,,,,258.10,,109,7.27,,0,,232.60,,,0,,,0,,127.20,65.42,18.17,752.30,210.80,,,7.30,20.36,,,,207.20,1468,,,,0,,,,,196.80,,0,0,259.50,116.70,,,617.80,1079,,,0,,,,766.80,472.50,25.44,94.49,9.28,29.07,,,,0,58.15,174.40,25.79,,0,,384.60,,3496,,16550,138.10,137.90,,72.67,18.27,,,,36.34,43090
1948,,0,65.12,0,,,,617.80,12.78,0,508.80,356.20,25.80,,0,1.78,0,74.09,1646,,,,,0,12.57,,548.80,,0,159.90,,,0,1108,,,,265.50,82.64,181.70,,,,,0,788.50,141.70,0,,538.10,0,61.78,381.50,,,21.81,18.17,378,,,,19.41,3.63,0,,,276.20,2660,,,,,16.10,3216,,137.70,0,,,14.54,0,,,,,25.44,149,0,806.40,18.17,0,196.30,32.71,79.95,1555,,919.50,,205.90,,,0,0,35.51,,12.78,101.80,,,,,48.28,50.88,,49.39,3.63,,0,,,,,,0,,534.30,,0,,130.80,18.17,0,,,,290.70,,123.50,7.27,,0,,261.60,,,155.60,,21.81,0,,138.20,58.15,18.50,901.30,247.10,,,7.27,28.61,,,,221.70,2017,,,,0,,,,,189.50,,0,0,304.10,113,,,646.90,1152,,,0,,,,734.10,505.20,25.44,116.20,12.78,39.98,,,,0,79.95,170.80,35.51,,0,,529.10,,4278,,18300,141.70,189.80,,105.40,47.25,,,,36.34,51571
1949,0,0,62.03,0,,,,716,15.51,0,530.60,537.90,31.30,,0,2.14,0,89.88,1446,,,,,0,13.58,,632.10,,0,0,,,0,1250,,,,243.50,274.70,236.20,,,,,0,839.70,152.60,0,,566.90,0,72.69,410.80,,,25.44,25.44,439.70,,,,23.55,3.63,0,,,323.50,3184,,,,,19.53,4779,,163.50,0,,,18.17,0,,,,,29.07,272.60,0,1088,0,3.63,214.40,29.07,119.90,1995,,1621,,249.90,,,0,0,43.08,,15.51,116.30,,,,,58.58,58.15,,53.29,3.63,,0,,,,,,0,,606.80,,0,,130.80,23.26,0,,,,272.60,,127.10,7.27,,0,,294.40,,,203.30,,25.44,0,,141.70,98.13,21.53,1159,258,0,,10.90,35.41,,,,276.20,2442,,,,0,,,,,205,,0,0,320.30,121.70,,,672.40,1112,,,0,,,,839.50,483.40,29.07,145.30,15.51,61.78,,,,0,83.59,185.30,43.08,,0,,641.50,,4630,,18670,141.80,230.30,,141.80,76.32,,,,39.98,58148
1950,0,7.24,159.90,0,0,,,777.70,20.40,0,632.40,636,41.17,0,0,1.81,0,118.20,1759,0,,0,,0,13.61,,686.90,,0,298.20,,0,0,1312,0,,,254.40,586.90,279.80,,,,0,0,479.70,156.20,0,0,614.40,0,87.22,432.50,0,,36.34,29.07,505.20,0,0,,30.97,3.49,0,,0,367.30,3562,0,,,0,25.69,6171,0,196.30,0,0,0,21.81,0,0,0,0,0,32.71,396.10,0,1354,0,32.71,218,32.71,189,2475,0,2206,0,328.60,0,,0,0,56.66,,20.40,130.50,,0,0,,77.04,65.42,,50.41,3.63,6.35,0,,,0,,0,0,0,755.90,0,0,,159.70,25.34,0,,,0,294.40,0,127.20,7.27,,0,,287.10,,,203.90,,25.44,0,0,163.40,145.40,18.04,1243,283.50,0,0,7.26,47.49,0,0,0,319.80,3204,0,,0,0,0,,,,204,,0,0,341.90,107,,0,912.30,1247,0,,0,0,0,0,963,534.40,33,163.70,20.40,83.91,,0,0,0,83.59,196.30,56.66,,0,0,843,,4899,0,20000,149,302.90,,247.10,72.87,,0,24.05,43.53,66855
1951,0,7.33,221.70,0,0,,,770.50,24.10,0,610.60,730.60,48.64,0,0,2.23,0,139.70,2173,0,,0,,0,12.97,,719.60,,0,312.40,,0,0,1334,0,,,345.30,1036,319.70,,,,0,0,453.80,189,0,0,681.90,76.32,101.80,487,0,0,50.88,39.98,559.70,0,0,,36.59,3.63,0,,0,410.90,4016,0,,,0,30.35,6960,0,214.30,0,0,0,29.07,0,0,0,0,0,36.34,468.80,0,1658,50.88,36.34,210.80,32.71,218.10,2758,0,3238,0,388.20,10.90,,0,0,66.94,,24.10,148.60,,0,0,,91.02,65.42,,47.97,3.63,6.95,0,,,0,,0,0,0,799.50,0,0,,185.30,39.98,7.24,,,0,345.30,0,79.99,10.90,,0,,345.10,,,246.10,,36.34,0,0,178.10,152.60,18.17,1330,316.40,0,0,3.63,57.19,0,0,0,563.40,3777,0,,0,0,0,0,,,194.40,,0,0,379.20,101.70,,0,966.80,1356,32.71,,0,0,0,0,1007,650.70,32.71,192.60,24.10,152.60,,0,0,0,90.86,196.20,66.94,,0,0,995.10,,5135,0,21900,149,357.90,,305.30,105.40,,0,28.03,49.74,75704
1952,0,7.26,239.90,0,0,,,766.80,27.45,0,672.30,686.90,55.41,0,0,2.34,0,159.10,2032,0,,0,,0,14.52,,799.40,,0,334.40,,0,0,1454,0,,,403.40,1203,345.30,,,,0,0,565.70,207,0,0,725.70,72.69,119.70,599.80,0,0,69.05,43.61,468.80,0,0,,41.68,3.63,0,,0,385.10,4274,0,,,0,34.57,7465,0,294.20,0,0,0,29.07,0,0,0,0,0,32.71,523.30,0,1834,69.03,50.88,229,25.44,221.70,3289,36.34,3518,0,442.20,14.54,,0,0,76.25,,27.45,141.70,,0,0,,103.70,54.54,,54.50,0,10.19,0,,,0,,0,0,0,821.30,0,0,,214.40,39.98,21.81,,,0,403.40,0,130.80,10.90,,0,,348.80,,,260.80,,47.25,0,3.63,181.60,152.60,18.17,1319,359.80,0,0,18.17,66.37,0,0,0,741.40,4292,0,,0,0,0,0,,,217.30,,0,0,402.40,117.50,0,0,999.40,1465,29.02,,0,0,0,0,1047,683,76.32,221.80,27.45,123.20,,0,0,0,101.80,225.30,76.26,,0,0,1133,,5593,0,22120,149,407.70,,414.30,112.70,,0,41.47,73.43,80704
1953,0,7.33,254.60,0,14.54,,,817.70,31.11,0,788.70,690.50,62.80,0,0,2.57,0,180.30,2286,0,,0,,0,14.57,,1003,,0,345.30,,0,0,1744,0,,,378,1615,432.50,,,,0,0,442.90,199.90,0,0,762.10,149,123.40,621.50,0,0,65.03,43.61,541.50,18.17,0,,47.24,3.63,0,,0,461.80,4601,0,,,0,39.19,8951,0,367.30,0,0,0,29.07,0,0,0,0,0,32.78,523.30,0,1958,72.71,87.10,232.60,32.74,229,3871,50.88,4332,0,501.30,18.17,,0,0,86.42,,31.11,149,,0,0,,117.50,72.69,,52.98,0,13.04,15.15,,,0,,0,0,0,825,0,0,,301.60,43.61,21.81,,,0,425.20,0,138,10.90,,0,,374.50,,,294.20,,39.98,0,0,221.70,145.40,18.17,1628,381.60,0,0,21.82,76.62,0,0,0,937.80,4854,0,,0,0,0,0,,,217,,0,0,422,109.80,0,0,1050,1610,32.71,,0,0,0,0,1163,781.40,109,258,31.11,141.70,,0,0,0,112.70,261.70,86.43,,0,10.90,1283,,5633,0,23380,145.40,462.10,,487,145.40,,0,53.85,94.93,89483
1954,0,7.33,327.10,0,21.58,,,843.10,37.07,0,944.90,803.20,74.82,0,0,2.84,0,214.80,2162,0,,0,,0,15.66,,1236,,0,385.20,,0,0,1759,0,,,381.60,1915,476.10,,,,0,0,510.30,207.20,0,0,839.60,247.30,170.80,603.30,0,0,79.95,47.25,661.60,25.44,0,,56.29,14.74,0,,0,512.20,4815,0,,,0,46.69,9482,0,421.60,0,0,0,29.07,0,0,0,0,0,50.88,468.90,0,2281,72.69,98.01,294.50,32.59,279.80,4328,47.25,5277,32.71,597.20,36.34,,0,0,103,,37.07,167.20,,0,0,,140,76.32,0,57.50,0,15.93,44.67,,,0,,0,0,0,865,0,0,,327.10,50.72,29.07,,,0,479.70,0,159.90,10.90,,0,,381.60,,,335.10,,36.34,0,3.63,239.70,152.60,14.54,1683,385.20,0,0,29.07,92.94,0,0,0,792.30,5770,0,,0,0,0,0,,,234.10,,0,0,464,120.50,0,0,1068,1883,39.98,,0,0,0,0,1217,897.40,124.40,265.20,37.07,189.30,,0,0,10.90,142.10,349,103,,0,21.81,1527,,6007,0,23980,145.40,550.50,,599.60,127.20,,0,66.13,116.40,97083
1955,0,21.98,334.40,0,36.34,,,923.10,43.94,0,984.90,919.50,88.70,0,0,2.83,0,254.70,2319,0,,0,,0,17.52,,1370,,0,399.80,,0,0,1973,0,,,396.10,1873,516.10,,,,0,0,601.80,214.40,0,0,948.20,178.10,199.90,621.50,0,0,116.30,72.69,676,29.07,0,,66.73,14.54,0,,0,516.10,5248,0,0,,0,55.35,10590,0,559.70,0,0,0,39.98,0,0,0,14.54,0,58.04,581.50,0,2326,72.69,156.40,330.70,65.42,327.10,5270,54.51,5222,43.61,708,65.42,,0,0,122.10,0,43.94,225.30,,0,0,,166,76.35,0,64.87,0,19.87,55.61,,,0,,0,0,0,995.80,0,0,,359.80,69.24,29.07,,,0,545.10,0,203.50,14.54,,0,,396.10,,,339.70,,36.34,0,7.27,268.90,196.10,18.17,1886,385,0,3.63,29.07,112.10,0,32.90,0,955.90,6825,0,,0,0,0,0,,,262.20,,0,0,523.80,137.10,0,0,1156,2141,36.26,,0,0,0,0,1261,1047,130.80,290.70,43.94,189,,0,0,61.87,189,407.10,122.10,,0,25.44,1809,,6287,0,26420,130.80,652.60,,632.40,149,,0,81.96,144.60,107400
1956,0,32.98,323.20,0,43.61,,,1021,48.65,0,1058,955.90,98.20,0,0,3.30,0,282,2304,0,,0,,0,17.28,,1617,,0,425.10,,0,0,2253,0,,,381.70,2660,603.50,,,,0,0,608.80,294.40,0,18.17,1033,294.40,225.30,585.10,0,0,123.60,76.32,668.70,32.71,0,,73.87,14.54,0,,0,476.10,5655,0,0,,0,61.28,11110,0,610.90,0,0,0,39.98,0,0,0,21.81,0,58.15,490.60,0,2554,72.69,243.50,352.60,109,301.60,5604,65.42,6436,39.98,783.80,90.86,,0,0,135.10,0,48.65,239.90,,0,0,,183.80,79.95,0,64.17,0,22.77,51.79,,,0,,0,0,0,1127,0,0,,312.20,76.50,18.17,,,0,621.50,0,221.70,21.81,,0,,443.40,,,384.80,,36.34,0,7.27,272.60,214.50,14.59,1995,505.20,0,7.27,21.81,126.30,0,32.92,0,1036,7539,0,,0,0,0,0,,,259.40,,0,0,569,136.10,0,0,1225,2337,43.61,,0,0,0,0,1232,1178,159.90,290.70,48.65,196,,0,0,68.96,178.10,479.70,135.20,,0,29.07,2001,,6411,0,28220,167.30,722.50,,715.90,98.13,,0,97.36,169.80,116450
1957,0,36.64,352.50,0,65.42,,0,1170,56.62,0,1148,1054,114.30,0,0,4.59,0,328.20,2326,0,,0,,0,22.34,,1679,,0,436.10,,0,0,2711,0,,,359.80,2855,606.90,,,,0,0,735.80,319.80,0,32.71,1209,443.40,229,574.20,0,0,138.10,76.32,723.20,43.61,0,,85.98,10.90,0,,0,468.80,6233,0,0,,0,71.32,11180,0,606.90,0,0,0,47.25,0,0,0,14.54,0,50.80,490.60,0,2903,123.50,298,258,156.20,356.20,5906,72.69,7501,54.51,912.30,101.80,,0,0,157.30,0,56.62,276.20,,0,0,,213.90,94.52,0,82.19,0,26.41,54.46,,,0,,0,0,0,1265,0,0,,250.50,83.59,18.17,,,0,654.20,0,265.30,21.81,,0,,501.50,,,536.40,,39.98,0,7.27,268.90,250.80,10.86,2221,483.40,0,3.58,47.25,149.50,0,29.30,0,1163,8755,0,,0,0,0,0,,,333.90,,0,0,653.80,172.50,0,0,1250,2457,25.48,,0,0,0,0,1210,1239,156.30,298,56.62,200.10,,0,0,65.32,199.90,625.10,157.30,,0,43.61,2327,,6007,0,26840,207.20,841,,865,79.85,,0,113.40,197.60,122440
1958,0,40.30,417.90,0,83.59,,0,1221,65.36,0,1214,1065,131.90,0,0,4.50,0,378.80,2006,0,0,0,,0,22.30,,1872,,0,461.60,0,0,0,2758,0,,,359.80,3871,606.90,,,,0,0,704.70,352.50,0,39.79,1357,603.30,192.40,527,0,0,134.50,79.95,748.70,43.61,0,,99.25,14.54,0,,0,457.90,6629,0,0,,0,82.32,11490,0,661.40,0,0,0,58.15,0,0,0,18.17,0,76.32,643.30,14.54,3154,149,330.70,258,203.50,352.50,6338,86.99,7407,54.51,1053,109,,0,0,181.50,0,65.36,250.80,,0,0,,246.90,98.13,0,81.61,0,29.20,54.46,,,0,,0,0,0,1254,0,0,,200.10,87.22,18.17,,,0,676,0,276.20,18.17,0,54.51,,508.80,,,533.70,,32.84,0,3.63,298,316.20,14.48,2500,505.20,0,3.59,145.40,175.40,0,43.78,0,1272,10080,0,,0,0,0,0,,72.69,333,,0,0,726.70,170.10,0,0,1345,2631,39.90,,0,0,0,0,1239,1079,192.60,501.30,65.36,225.30,,0,0,72.61,170.40,748.80,181.60,,0,50.88,2684,,5858,0,27590,214.40,970.70,,799.50,149,,0,135.40,230,129610
1959,18.17,36.64,472.50,0,76.32,,0,1170,76.21,0,1294,1196,153.80,0,0,4.04,0,441.70,2195,0,0,0,,0,25.19,,1897,,0,708.70,0,0,0,2817,3.63,0,0,414.30,5107,672.20,0,0,,0,0,780.30,308.90,0,39.98,1555,952.40,170.80,687,0,0,94.49,76.32,883.10,39.98,0,,115.70,10.90,0,,0,577.90,6920,0,0,0,0,95.99,13530,0,712.30,0,0,0,58.15,0,0,0,18.17,3.63,69.05,708.60,39.98,3537,170.80,327.10,308.90,287.10,385.20,7120,98.13,8533,54.51,1228,156.50,,0,0,211.70,0,76.21,367.10,,0,0,,287.80,94.49,0,91.85,0,22.89,94.38,,0,0,,0,0,0,1337,0,0,,247.10,105.40,18.17,,,0,792.30,0,276.20,18.17,0,61.72,,559.70,,,493,,47.25,0,7.27,287.10,359.80,14.54,2628,508.80,0,3.63,178.10,207.90,0,51.22,0,1410,11730,0,,0,0,0,0,36.34,83.59,376.20,,0,0,822.90,190.90,0,0,1308,2831,47.33,,0,0,0,0,1396,1327,222.10,527,76.21,250.80,,0,0,87.22,217.60,857.50,211.70,,0,39.98,3127,0,6320,0,30050,207.20,1132,,926.80,189,,0,100.40,173.60,145150
1960,18.01,36.64,523.30,0,79.42,,0,1305,89.56,0,1381,1399,180.80,0,0,4.80,0,519.10,2170,0,0,0,,0,27.41,,2210,,0,785.10,0,0,0,2595,3.63,0,0,414.30,6514,723.20,0,0,,0,0,803.70,196.30,0,43.61,1672,1130,98.13,712.20,0,0,83.59,98.13,1010,43.61,0,,136,14.54,0,,0,621.50,7007,0,0,0,0,112.80,14800,0,810.80,0,0,0,54.51,0,0,0,25.44,18.17,72.78,777.80,36.23,4002,192.60,305.30,366.90,392.50,399.80,7915,105.40,11140,79.95,1443,174.20,,0,0,248.80,0,89.56,422.20,,0,0,,338.30,105.40,0,99.08,0,22.74,141.60,,0,0,,0,0,0,1526,0,0,,287.10,109,21.81,,,0,890.40,0,305.30,14.54,0,83.50,,570.60,,,569.70,,54.51,0,7.27,297.90,392.50,18.17,3260,592.40,0,0,214.50,248.30,0,58.37,0,1508,13750,0,,0,0,0,0,43.61,83.59,409,,0,0,883.50,204.10,0,0,1337,2835,43.61,,0,0,0,0,1388,1501,239.90,585.10,89.56,261.70,,0,0,87.35,200.30,1007,248.80,,0,36.34,3672,0,6673,0,28620,203.50,1330,,734.10,199.90,,0,102.20,175.20,157320
1961,21.81,58.53,530.30,0,76.94,,0,1436,100.20,0,1414,1523,202.20,0,0,5.13,0,580.70,2351,0,0,0,,0,26.63,,2330,,0,865,0,0,0,2784,3.63,0,0,436.10,2585,788.60,0,0,,0,0,798.90,428.70,0,47.25,1770,1119,68.94,781.40,0,0,115.90,109,1018,36.34,0,,152.10,14.54,0,,0,665.20,7603,0,0,0,0,126.20,16020,0,908.60,0,0,0,61.78,0,0,0,21.81,21.81,90.86,792.20,36.34,4205,221.70,461.60,294.40,367.10,417.90,8911,105.40,12180,109,1614,163.30,0,0,0,278.30,0,100.20,432.50,,0,0,,378.50,112.70,0,96.70,0,15.98,163.50,,0,0,,0,0,0,1501,0,0,,312.20,105.40,18.17,,,0,941.30,0,323.50,18.17,0,178.10,,628.70,,,609.70,,54.51,0,7.27,294.40,505.40,21.81,3638,614.20,0,0,258,282.10,0,40.29,0,1635,15350,0,,0,0,0,0,50.93,90.86,398,,0,0,933.60,199.80,0,0,1283,3275,39.98,,0,0,0,0,1504,1781,265.30,745,100.20,399.80,,0,0,47.25,163.50,1003,278.40,,0,32.71,4105,0,7105,0,28520,192.60,1488,,748.70,225.30,,0,75.67,127.40,164070
1962,29.07,58.62,432.20,0,83.33,,0,1446,113.10,0,1450,1512,228.30,0,0,5.78,0,655.40,2366,0,0,0,,0,28.89,,2507,0,0,934,0,0,0,3086,3.63,0,0,505.30,2497,861.30,0,0,,0,0,818.40,385.20,0,47.25,1892,1174,98.13,806.70,0,0,119.90,105.40,1105,32.71,0,,171.70,21.81,0,,0,672.20,8344,0,0,0,0,142.40,16820,0,951.80,0,0,0,58.15,0,0,0,29.07,29.07,105.40,857.60,47.25,4381,250.80,439.70,374.30,367.10,472.50,9969,98.13,14230,116.30,1822,171.10,0,0,0,314.10,0,113.10,425.20,,0,0,,427.10,112.70,0,104,7.27,14.32,159.90,,0,0,,0,0,0,1657,0,0,0,345.70,87.38,25.44,,,0,995.80,0,312.50,21.81,0,239.90,,697.80,,,685.20,,61.78,0,7.27,345.30,476.10,25.44,3729,694.10,0,0,388.90,323.30,0,51.26,0,1723,17290,0,,0,0,0,0,90.86,90.86,431,,0,0,998,212.80,0,0,1316,3605,43.61,,0,0,0,,1519,1843,301.30,923.10,113.10,476.10,,0,0,79.95,178.40,1148,314.10,,0,29.07,4629,0,7043,0,29690,185.20,1679,0,759.60,229,,0,69.90,116.30,176310
1963,50.88,65.95,436.10,0,94.49,,0,1254,120.50,0,1541,1635,243.30,0,0,6.14,0,698.50,2326,0,0,0,,0,32.91,,2562,0,0,1090,0,0,0,3144,3.63,0,0,577.90,3355,908.40,0,0,,0,0,894.30,399.80,0,47.25,1713,1250,120.10,752.30,0,0,112.70,127.20,1239,39.98,0,,183,18.01,0,,0,705.10,8962,0,0,0,0,151.80,17140,0,1134,0,0,0,76.32,0,0,0,25.44,29.07,109,890.50,47.38,4771,163.50,465.20,396.10,367,504.90,10920,98.13,14800,141.70,1942,170.80,0,0,0,334.80,0,120.50,443.40,,0,0,,455.20,101.80,0,117.70,21.81,13.61,178.10,,0,0,,0,0,0,1861,0,0,0,374.30,83.59,61.78,,,0,1029,0,356.20,25.44,0,261.70,,712.30,,,737.20,,69.05,0,7.27,374.20,468.80,28.99,3794,708.70,0,0,385.20,349.80,0,58.57,0,2159,18380,0,,0,0,0,0,98.07,94.49,490.20,0,0,0,906.40,239.10,0,0,1425,3831,36.34,,0,0,0,,1632,1770,338,1108,120.50,490.60,,0,0,79.95,178.10,1334,334.80,,0,25.44,4930,0,6949,0,31240,167.30,1790,0,781.40,243.50,,0,67.66,111.80,185940
1964,61.78,62.29,388.90,0,105.40,,0,1439,128.40,0,1792,1865,259.20,0,0,6.35,0,744.40,2889,0,0,0,,0,35.36,,2780,0,0,1276,0,0,0,3547,7.27,0,0,625.10,5032,970.20,0,0,,14.54,0,917.30,399.80,0,36.34,1820,1290,112.90,937.60,0,0,149,141.70,1247,43.61,0,,195,21.81,0,,14.54,777.70,10640,0,0,0,0,161.80,19470,0,1319,0,0,0,90.86,0,0,0,29.07,36.34,105.40,1116,54.67,4944,218.10,541.50,479.70,367.10,541.30,11290,138,16300,152.60,2069,207.20,0,0,0,356.80,0,128.40,436.10,,0,0,,485.10,101.70,0,125.70,21.97,14.54,228.80,,0,0,,0,0,0,2184,0,0,0,457.90,90.86,65.42,,0,0,1421,0,388.90,29.07,0,327.30,,763.20,,0,758.10,,61.78,0,10.90,403.40,592.40,32.63,4328,802.90,0,0,614.10,378.40,0,44,0,2348,19550,0,,0,0,0,0,127.20,101.80,526.40,0,0,0,956.90,253.10,0,0,1708,4201,36.34,,0,0,0,0,1792,2137,312.50,1163,128.40,523.10,,0,0,87.22,225.30,1454,356.80,,0,36.34,5250,0,8384,0,32820,199.90,1907,0,915.90,356.20,,0,76.32,123.70,206120
1965,83.59,73.16,367.30,0,119.90,,0,1632,143.40,0,1879,1999,289.40,0,0,6.99,0,831,2918,0,0,0,,0,37.24,,2777,0,0,1327,0,0,0,3747,7.27,0,0,585.10,6801,1014,0,0,,58.15,0,812.40,396.10,0,47.25,1894,1185,123.40,984.90,0,0,105.10,159.90,1196,39.98,0,,217.70,46.98,0,,18.17,875.90,11060,0,0,0,0,180.60,19880,0,1588,0,0,0,116.30,0,0,0,21.81,47.25,120,1178,54.51,5398,181.70,636.10,519.70,388.90,621.50,10230,152.50,16160,149,2310,239.50,0,0,0,398.30,0,143.40,479.70,,0,0,,541.50,109,0,128.70,18.17,14.54,367.20,,0,0,,0,0,0,2126,0,0,0,388.90,109,65.42,,0,0,1468,0,418.10,32.71,0,487.10,,792.30,,0,838.30,,83.59,0,14.54,501.70,756.10,29.07,4732,828.60,0,0,795.90,428.60,0,40.36,0,2671,21770,0,,0,0,0,0,123.60,90.86,551.30,0,0,0,992.70,250.40,0,0,1919,4790,43.61,,0,0,0,0,1864,1995,334.40,1207,143.40,617.50,,0,0,94.42,225.70,1646,398.30,,0,65.42,5856,0,8384,0,33090,207.20,2129,0,1043,468.80,,0,109,123.50,216440
1966,87.22,69.72,327.10,0,130.80,,0,1723,158.60,0,1817,2224,320.20,0,0,7.47,0,919.50,2864,0,0,0,,0,39.92,,2987,0,0,1410,0,0,0,4001,0,0,0,675.80,8387,1025,0,0,,58.15,0,758.20,396.10,0,47.25,2036,1236,130.80,1036,0,0,138.10,185.30,1207,69.05,0,,240.90,50.88,0,,22.06,777.70,11520,0,0,0,0,199.80,20360,0,1774,0,0,0,98.13,0,0,0,18.17,50.88,123.60,1287,58.15,5570,167.20,665.10,548.60,690.60,578,11080,174.30,18910,185.30,2556,240.20,0,0,0,440.70,0,158.60,541.50,,0,0,,599.20,105.40,0,134,25.44,21.81,421.60,,0,0,,0,0,0,2435,0,0,0,425.20,112.70,69.05,,0,0,1563,0,432.50,39.98,7.27,494.40,,901.30,,0,908.80,,72.85,0,14.54,526.80,795.90,32.71,4964,850.40,0,0,930.40,481.10,0,51.28,0,2907,24030,0,,0,0,0,0,123.60,94.49,588.10,0,0,0,1060,253.60,0,0,1970,5967,39.98,,0,0,0,0,1857,2137,305.30,1538,158.60,734.10,,0,0,105.40,236.20,1912,440.70,,0,58.15,6474,0,8290,25.37,34360,232.60,2356,0,1043,436.20,,0,109,123.60,233030
1967,65.42,109.90,359.60,0,138.10,,0,1756,168.30,0,1890,2246,339.70,338,0,8.27,0,975.50,2875,0,0,0,,0,43.15,,3165,0,0,1657,0,0,0,3583,0,0,0,610.40,6085,1043,0,0,,54.51,0,644.50,0,0,90.86,2151,1283,145.40,1087,0,0,152.60,192.60,1359,69.05,0,,255.60,72.69,0,,22.03,748.70,12050,0,0,0,0,212,19210,0,1704,0,0,0,109,0,0,0,18.17,54.51,105.40,1312,58.30,5821,174.40,690.50,639.60,690.50,396.10,12980,167.20,21240,159.90,2712,236.20,0,0,0,467.50,0,168.30,501.50,,0,0,,635.70,90.86,0,136.70,29.07,21.81,410.70,,0,0,,0,0,0,2766,25.44,0,0,425.20,123.60,65.42,,0,0,1654,0,403.40,47.25,10.90,388.90,,1065,,0,1003,,90.86,0,7.27,537.90,1043,29.07,5502,901.30,0,0,1207,517.60,0,66.01,0,3129,25440,0,,0,0,0,0,159.90,83.59,630.40,0,0,0,1102,245.70,0,0,1981,6658,94.49,,0,0,0,0,1926,2065,298,1723,168.30,857.40,,0,0,94.49,232.60,2100,467.60,,0,69.05,6864,0,8686,72.69,33390,207.20,2500,0,1112,461.60,,0,148.90,0,239930
1968,47.10,150.20,429,0,152.30,,0,2064,174,0,1941,2250,351.30,338,0,9.81,0,1009,2838,0,0,0,,0,50.88,,3598,0,0,1737,0,0,0,3660,3.63,0,0,610.70,5253,1170,0,0,,65.42,0,665.70,385.20,0,116.30,2165,1330,145.40,1127,0,0,159.90,214.40,1555,76.32,0,,264.20,87.22,0,,25.44,730.40,12550,0,0,0,0,219.20,20260,112.70,2017,0,0,0,87.22,0,0,0,21.81,65.42,185.30,1385,50.76,5872,203.50,690.60,668.80,959.50,545,14560,203.50,23560,236.20,2804,268.60,0,0,0,483.40,0,174,447.50,,25.44,0,,657.30,94.46,0,155.70,32.71,28.80,461.60,,0,0,,0,0,0,3027,36.34,0,0,490.60,141.70,87.22,,0,0,1697,0,377.90,50.88,10.90,283.50,,1134,,0,1200,,80.10,0,10.90,548.80,1268,36.40,5735,919.50,0,0,1766,542.60,0,73.33,0,3474,26240,0,0,0,0,0,0,250.70,98.13,737.40,0,0,0,1104,271.40,0,0,2181,7392,109,,0,0,0,0,1933,2137,454.30,1974,174,1170,,0,0,105.40,250.50,2337,483.40,,0,76.32,7091,0,8835,76.15,35100,254.40,2584,0,1207,316.20,,0,167,167.20,255470
1969,50.88,164.90,468.70,0,189.20,,0,2148,178.80,0,2130,2253,360.90,403.40,0,11.13,0,1036,3100,0,0,0,,0,54.85,,3867,0,0,1755,0,0,0,3700,7.27,0,0,708.70,7613,1181,0,0,0,79.95,0,660.40,385.20,0,119.90,2251,1385,159.90,1290,0,0,192.40,225.60,1785,69.05,0,,271.50,83.77,0,,25.23,886.80,13610,0,0,0,0,225.20,21000,199.50,2391,0,0,0,109,0,0,0,25.44,65.42,185.30,1268,47.25,6438,265.30,683.20,628.70,1159,646.70,15490,203.30,25400,236.20,2881,316.60,0,0,0,496.70,0,178.80,617.80,,36.34,32.71,,675.30,101.80,0,164.40,36.34,36.70,479.70,,0,0,,0,0,0,3354,36.34,0,0,574.20,149,90.86,,0,0,1628,0,396.10,54.51,10.90,279.80,,1232,,0,1311,,87.22,0,18.17,563.20,1457,39.92,5847,1007,25.44,0,2388,565.20,0,84.36,0,3714,26900,0,,0,0,0,0,290.70,101.80,790,0,0,0,1134,280.70,0,0,2522,8064,138.10,,0,0,0,0,1955,2242,461.60,2021,178.80,1188,,0,0,119.90,297.70,2864,496.70,,0,87.22,7280,0,8610,83.59,35480,228.80,2655,0,1058,367.10,,0,163.50,189,270920
1970,47.35,179.70,457.90,0,221.50,,0,2344,189.90,0,2228,2377,383.30,410.70,0,10.88,0,1101,3325,0,0,0,0,0,61.12,,4449,0,0,1813,0,0,0,3562,7.27,0,0,1010,10720,1381,0,0,0,90.86,0,721.80,367.10,0,130.80,2478,1981,207.20,1287,0,0,243.50,163.50,1820,79.95,0,,288.40,90.86,0,,29.07,926.80,14340,0,0,0,0,239.20,22890,218.10,2395,0,0,0,109,0,0,0,29.07,76.32,210.80,1370,43.50,6495,272.60,672.30,425.20,1272,683.40,16350,218.20,28270,185.30,3059,392.50,0,0,0,527.50,0,189.90,660.80,,43.61,47.25,,717.30,119.90,0,182.20,36.34,32.71,508.70,,0,0,,0,0,0,3551,47.25,0,0,694.10,196.30,83.52,,0,0,1893,0,410.70,61.78,14.54,290.70,0,1290,,0,1257,,119.90,0,43.61,559.80,1210,58.15,6018,1152,127.20,14.54,2879,608.40,0,77.06,0,4016,28510,0,,0,0,0,0,334.30,119.90,882.40,0,0,0,1242,309.50,0,0,2842,8253,159.90,,0,0,0,0,2013,2370,476.40,2126,189.90,1297,,0,0,134.50,269.20,3151,527.60,,0,94.49,7726,0,8432,83.59,34710,247.10,2820,0,1308,388.90,,0,87.22,236.20,288620
1971,43.23,179.50,476.10,0,261.40,,0,2736,202.90,0,2314,2693,403.50,410.70,0,11.29,0,1152,3397,0,0,0,0,0,67.34,,4812,0,0,1908,0,0,0,4068,3.63,0,0,663.50,13120,1398,0,0,0,105.40,0,,371,0,150.50,,2377,225.30,1357,0,0,294.40,181.60,1937,90.86,0,,308.20,105.40,0,,40.25,903.30,14190,0,0,0,0,253.10,24240,261.70,2717,0,0,0,112.70,0,0,0,36.34,79.39,254.50,1332,57.90,7052,241.40,915.60,745,1410,683.60,15560,210.90,29270,207.20,3114,392.50,0,0,0,558.20,0,204,713.30,,43.61,36.34,,784.30,135.50,0,206.20,36.21,32.71,544.70,0,0,0,,0,0,0,3619,46.34,0,0,726,207.20,98.13,,0,0,1921,0,411.20,58.15,14.54,327.10,0,1357,,0,1307,,138.10,0,28.91,714.10,1541,61.71,6409,1207,127.20,69.05,3391,645.60,0,95.37,0,4201,29730,0,,0,0,0,0,348.60,119.90,,0,0,0,,349.20,0,0,2891,8433,189,,0,0,25.44,0,1955,2581,450.70,2492,200.90,1374,,0,0,127.20,286.90,3703,558.30,,0,100.40,8076,0,8749,87.22,35290,225.30,2933,0,1385,376.20,,0,232.40,276.10,297840
1972,46.43,197.90,457.90,0,308.70,,0,2699,213.90,0,2436,3086,419.10,487,0,10.47,0,1189,3442,0,0,0,0,0,77.92,0,5551,0,0,1911,0,0,0,4477,3.63,0,0,658,14720,1490,0,0,0,130.80,0,,727.80,0,211.20,,2602,236.20,1432,0,0,334.40,239.90,1890,109,0,,325.10,94.49,0,,43.61,969.80,14540,0,0,0,0,264.40,25240,203.50,3059,0,0,0,130.80,0,0,0,39.98,93.15,203.40,1448,64.70,7363,298.20,941.20,733.90,1668,740,16210,207.40,32530,327.10,3124,396.10,0,0,0,583.10,0,216.30,768.70,,43.61,29.07,,845.40,163.60,0,242.30,32.71,36.59,581,0,0,0,,0,0,0,4207,66.24,0,0,754.90,232.60,98.13,,0,0,1834,0,452.70,58.15,14.54,563.30,0,1351,,0,1287,,134.50,0,35.92,798.90,1436,72.69,6792,1358,50.88,83.59,3191,676,0,80.73,0,4531,30600,0,,0,0,0,0,475.20,167.20,,0,0,0,,402.10,0,0,3017,9562,189,,0,0,29.07,0,1922,2824,498.10,2899,209.80,1668,,64.20,0,141.70,309.20,4107,583.10,,0,81.33,8332,0,8922,116.30,36300,229,3010,0,1475,244.80,,0,239.90,308.90,315840
1973,67.11,256.50,497.90,0,381.60,,0,2570,227.70,0,2591,3018,439.60,472.50,0,13.66,0,1239,3390,0,0,0,0,0,94.26,0,6490,0,0,2029,0,0,0,4995,7.27,0,0,641.80,15460,1563,0,0,0,134.50,0,,743,0,228.20,,2871,265.30,1444,0,0,287.10,239.90,1788,119.90,0,,346.20,61.78,0,,43.61,1018,14810,0,0,0,0,278.90,24320,214.40,3140,0,0,0,152.60,0,0,0,54.51,113.80,218.10,1647,64.45,6921,366.90,897.70,789.10,1726,593.20,17410,200.20,38190,305.30,3159,392.90,0,0,0,615,0,231.40,728,,43.61,39.99,,919.50,197.10,0,265,36.22,43.33,643.40,0,21.81,0,,0,0,0,4760,68.24,0,0,786,301.60,94.49,,0,0,1779,25.44,539.80,94.49,36.34,603.20,0,1352,,0,1421,,214.40,0,35.71,1157,2006,83.59,7486,1603,50.88,94.11,4015,714.70,0,102.70,0,4830,31800,0,,0,0,0,0,474.70,145.40,,0,0,0,,405.10,0,0,3385,10860,206.90,,0,0,29.07,0,2094,2847,417.70,3010,221.20,1832,,67.22,0,123.60,258,4332,615.10,,0,66.25,8679,0,9884,156.30,36690,254.60,3118,0,1686,372.50,,7.27,203.40,334.40,334660
1974,70.30,278.70,465.20,0,374,,0,2675,242.70,0,2568,3078,461.90,392.50,0,40.14,0,1294,3563,0,0,0,0,0,96.65,0,7175,0,0,2074,0,0,0,5135,0,0,0,652.70,15340,1682,0,0,0,145.40,0,,900.40,0,173.70,,2958,308.90,1251,0,0,298,287.30,1614,145.40,0,,369.30,58.15,0,,39.98,1065,15470,0,0,0,0,294.60,21960,258,3371,0,0,0,152.60,0,0,0,69.05,102.40,283.50,1650,75.02,6501,421.50,897.70,774.30,2235,833,17230,200.30,35610,294.40,3193,421.60,0,0,112.70,649.70,0,248,730.80,,43.61,239.90,,1001,207.70,0,277.60,29.07,43.61,691.70,0,21.81,0,,0,0,0,5126,76.77,0,0,923.60,229,83.59,,0,18.17,1708,32.71,571.80,116.30,10.90,596,0,1310,,0,1715,,196.30,0,49.70,931.50,1730,101.80,7998,1636,61.78,105.40,4333,756.60,0,150.30,0,5476,33100,0,,0,0,0,0,521.40,163.50,,0,0,0,,420.20,0,0,3600,10740,232.30,,0,0,21.81,0,1648,2596,476.10,3046,233.60,1937,,79.03,0,119.90,265.30,4294,649.80,,0,72.19,9055,0,8798,145.40,36580,268.90,3234,0,1726,338.60,,29.07,218.10,374.30,334920
1975,69.42,322.40,468.80,0,323.50,,0,2714,260.80,0,2473,2672,489.20,189,0,75.20,0,1362,3252,0,0,0,0,0,100.30,0,8331,0,0,2093,0,0,0,4933,0,0,0,455,19100,1481,0,0,0,163.50,0,,1032,0,316.40,,3453,308.90,1126,0,0,290.60,294.40,1770,163.50,0,,397,72.69,0,,36.56,991.50,14030,0,0,0,0,313.70,20850,330.70,3784,0,0,0,192.60,0,0,0,76.32,140.20,283.60,1792,78.26,7288,548.10,1178,789.20,2653,1000,16080,200.50,31800,283.50,3248,443.40,0,0,141.70,691.90,0,267.90,662.80,,43.61,305.30,,1097,201.40,0,295.10,29.07,50.88,736.80,0,25.44,0,,0,0,0,5587,71.80,0,0,974.50,138.10,90.78,,0,3.63,1477,29.07,558.50,87.22,7.27,676,0,1347,,0,1541,,138.10,0,67.05,928.80,2108,130.70,8746,1655,79.95,116.30,4953,807.20,0,106.30,0,5623,34730,0,,0,0,0,0,553.40,178.10,,0,0,0,,445.40,0,0,3537,11560,192.60,,0,0,14.54,0,1556,1862,490.60,3353,248.70,1966,,0,0,127.20,305.30,5103,692,,0,44.05,9523,0,8356,131,30280,316.20,3380,0,1730,336.90,,29.07,221.70,330.70,333180
1976,79.24,348.30,688.30,0,147.30,,0,2841,265.80,0,2494,2768,491.40,133.30,0,67.18,0,1359,3515,0,0,0,0,0,109.30,0,9087,0,0,2081,0,0,0,4767,0,0,0,423.20,19250,1721,0,0,0,176.60,0,,1241,0,534.80,,3412,319.80,1189,0,0,320.50,299.80,1658,158.60,0,,404.80,71.86,0,,32.33,869.80,13820,0,0,53.90,0,313.20,21870,319.80,4136,0,0,0,219.80,0,0,0,118.90,121.80,373.60,2037,70.83,8279,925.60,1334,796.70,2985,898.30,16890,182.30,33230,262.50,3126,481.50,0,0,161.90,696.20,0,274.50,651.50,,50.31,733.20,,1140,181,0,318.20,36.07,43.12,891.50,0,25.15,0,,0,0,0,6021,70.23,0,0,1110,104.40,114.90,,0,14.37,1320,25.14,525.50,111.70,17.97,621.60,0,1334,,0,1534,,136.90,0,73.66,955,2207,108.30,9277,1771,82.75,147.30,5791,826.70,0,65.29,0,6371,35140,0,,0,0,0,0,542.10,186.80,,0,0,0,,467,0,0,3473,12020,208.30,,0,0,25.30,0,1433,1753,542.90,4321,251.10,2185,,0,0,115.30,235.60,5850,690.80,,0,40.07,9616,97.10,7809,118.60,32170,332.50,3350,0,1738,356.50,,28.77,186.80,262.30,347690
1977,64.86,373.50,874.10,0,145.60,,0,2987,272.20,0,2474,2628,495.90,35.73,0,131.20,0,1362,3602,0,0,0,0,0,116.40,0,9957,0,0,2212,0,0,0,4776,0,0,0,483.90,22910,1561,0,0,0,196.50,0,,1319,0,567.70,,3379,238,1171,0,0,418,305.40,1604,182.20,0,,414.70,35.52,0,,35.49,812.20,13440,0,0,92.36,0,314.10,21080,295.20,4968,0,0,0,239.40,0,0,0,117.90,117.40,496.90,2170,67,8322,1372,1534,808,3512,867,17570,164.20,35240,274,3016,554.10,0,0,160.10,703.80,0,282.40,494.10,,49.73,1208,,1189,181.80,0,336.10,24.87,46.18,915.30,0,17.76,0,,0,0,0,6296,43.62,0,0,1362,156.30,131.30,,0,21.29,1404,24.84,483.80,110.80,17.76,696.10,0,1152,,0,1526,,132.20,0,94.14,934.40,2044,129.40,9888,2036,81.85,174.10,6909,850.50,0,71.70,0,6737,35730,0,,0,0,0,0,621,159.80,,0,0,0,,478.40,0,0,3236,13270,170.10,,0,0,21.56,0,1311,1804,676,5100,254.80,2478,,0,0,103.60,281.70,6507,692.80,,0,36.19,9755,96.10,7650,124.30,33770,334.20,3335,0,1534,403.90,,28.47,191.80,238,364310
1978,57.60,399.60,1321,0,189.60,,0,3148,272.30,0,2459,2721,489,159.40,0,140.30,0,1334,3480,0,0,0,0,0,130.40,0,10430,0,0,2427,0,0,0,5113,7.02,0,0,495.20,26810,1956,0,0,0,237.30,0,,1349,0,591.70,,3338,224.70,1337,0,0,418,403.60,1474,219.60,0,,414.90,42.13,0,,38.57,803.80,12950,0,0,7.03,0,307.70,21940,239.10,5256,0,0,0,247.90,0,0,0,120.40,126.80,589.10,2223,63.19,8421,1920,2204,928.80,5746,865,17400,146.10,40740,271.10,2835,536.80,0,0,299.30,695,0,283.80,476.20,,63.20,1527,,1210,196.30,0,363.70,31.60,49.43,1137,0,17.56,0,,0,0,0,6655,69.95,0,0,1329,154.50,122.70,,0,17.34,1337,28.05,429.60,95.64,21.07,733.80,0,1113,,0,1480,,145.20,0,79.71,978.50,2096,125,9979,2411,98.62,168.50,7347,854.70,0,92.06,0,7115,35480,0,,0,0,0,0,883.70,172,,0,0,0,,497.30,0,0,3357,14250,273.50,,0,0,28.58,0,1180,1829,686.60,5653,252.50,2443,,0,0,106.30,432.10,7167,678.60,,0,35.65,9668,595.10,7881,108.70,35400,332.20,3241,0,1665,401.90,,31.69,59.69,196.50,386940
1979,63.67,421.20,1841,0,187.40,,0,3327,264.10,0,2581,2573,467.50,214.20,0,131,0,1266,3508,0,0,0,0,0,137.40,0,11560,0,0,2533,0,0,0,5833,0,0,0,557.10,30320,1992,0,0,0,252.80,0,,1299,0,608.90,,3769,211.70,1233,0,0,424.90,529.20,1450,280.90,0,,402.60,45.11,0,,45.03,819.50,13210,0,0,41.64,0,292.30,22410,128.40,5594,0,0,0,273.90,0,0,0,112.40,105.50,602.70,2251,59.42,7752,2460,2417,1066,3573,818.80,17680,113.20,41980,296.10,2576,402.20,0,0,491,665.60,0,276.60,692.20,,65.93,1509,,1194,206.60,0,380.70,34.70,48.30,1178,0,13.88,0,,0,0,0,7144,74.18,0,0,1539,128.40,183.60,,0,10.39,1191,27.71,405.80,42.14,17.35,822.40,0,1096,,0,1611,,242.30,0,72.33,1157,1893,120.90,8737,2406,111.50,232.50,7950,832.80,0,87.50,0,7534,34180,0,,0,0,0,0,1077,180.40,,0,0,0,,505.90,0,0,3391,13080,280.60,,0,0,28.42,0,1201,1946,874.20,5865,242.70,2500,,0,0,101.90,674.80,6389,644.60,,0,22.34,9292,602.70,7992,131.90,35720,330.30,3054,0,1922,344.30,,41.80,93.79,187.40,392680
1980,23.28,498.30,2022,0,113.20,,0,3562,268.60,0,2652,2480,468.80,222.80,0,133.60,0,1261,3372,0,106.10,0,0,0,140.90,0,12550,0,0,2498,0,0,0,5208,0,0,0,636.40,32710,2024,0,17.14,0,261.10,0,,1410,0,670.20,,3723,205.70,984.30,0,0,480.30,667.40,1483,247.10,0,,409.80,51.43,0,,37.64,845.30,13220,0,0,51.43,0,291.10,20980,137.40,5818,0,0,87.02,268,0,0,0,114.90,206,691.10,2143,59.16,7545,3068,2577,967.80,3678,770.30,18600,73.11,41900,427.30,2447,592.90,0,0,613.30,668.70,0,282.70,456,,48.01,1491,,1235,217.10,0,396.60,27.49,41.15,1227,0,10.29,0,,83.54,0,0,7604,69.44,0,0,1656,109.60,181.50,,0,13.78,1134,27.37,393.60,73.09,20.57,932.70,0,1100,,0,1553,,268,0,82.16,1044,2130,141.10,8323,2675,96.50,236.60,7545,851.10,0,86.48,0,7522,34530,0,,0,0,0,0,1426,181.70,,0,0,0,,512.90,0,0,3537,13040,266.90,,0,0,31.73,0,1233,2103,933.80,6929,244.70,2514,,226.50,0,87,865.90,5926,642.10,,0,3.14,9367,806.20,7334,140.90,32720,388.50,3018,0,2327,301,,37.90,75.44,219.50,395790
1981,32.88,391.90,2165,0,115.20,,0,3323,275.50,0,2954,2382,473.90,13.80,0,133.10,0,1266,2988,0,105.20,0,0,0,129.90,0,11940,0,0,2520,0,0,0,5034,0,0,0,732,33900,2058,0,23.72,0,217.30,0,,1642,0,567.50,,3676,227,825.10,0,0,445,589.80,1710,213.90,0,,420.30,60.98,0,,43.93,840.10,12710,0,0,67.72,0,292.30,19470,183.20,5894,0,0,75.90,241.50,0,0,0,110.40,140.70,696.20,2113,58.90,8888,3652,2597,1011,4175,847.30,18290,80.47,40260,446.40,2334,599.70,0,0,719.10,677.10,0,291.10,689,,40.66,1474,,1287,238,0,421.50,16.94,37.04,1489,0,10.16,0,,82.80,0,0,8369,81.76,0,0,1670,108.30,145.20,,0,13.63,940.90,23.65,490.70,79.35,16.85,1152,0,917.80,,0,1649,,244.90,0,71.45,1478,1930,179.10,6360,2635,119.30,237.20,7531,869.90,0,68.38,0,7085,34800,0,0,0,0,0,0,2316,172.80,,0,0,0,,579.50,0,0,3976,13300,294.20,0,0,0,35.17,0,1168,2150,1073,7065,248.70,2921,,222.80,0,65.56,980.90,6873,644.70,,0,3.09,9446,797.40,6305,179.60,31770,354.60,3004,0,2328,254.80,,37.49,67.76,271,395330
1982,39.08,414,2126,0,113.70,,0,2815,270.10,0,2823,2240,458.10,30.77,0,121.40,0,1214,2796,0,109.10,0,0,0,133.30,0,11670,0,0,2582,0,0,0,4182,0,0,0,435.10,38870,2308,0,16.73,0,198.30,0,,1577,0,588.70,,3623,247.70,915.60,0,0,441.10,753.90,2076,194.90,0,,412.30,66.94,0,,40.04,855.10,11670,0,0,80.37,0,280.60,18440,133.90,5811,0,0,75.22,236.20,0,0,0,99.16,126.30,650.60,1977,58.63,9676,4000,2565,826.90,4610,885.40,17300,106.10,38150,364,2121,592.40,0,0,711,655.70,0,286.70,457.90,,36.82,1817,,1282,244.20,0,423.10,16.80,23.43,1652,0,13.39,0,,92.32,0,0,8931,131.80,0,0,1725,160.70,156.90,,0,10.01,821,23.35,433.90,47.87,16.65,1640,0,892.80,,0,1678,,164.10,0,50.72,1239,2038,153.40,7129,2740,104.40,241,8607,850.20,0,84.41,0,7187,33540,0,0,0,0,0,0,3496,164,,0,0,0,,553.60,0,0,3930,13600,293.60,0,0,0,34.90,0,1163,2030,1190,6617,241.70,3051,,224.30,0,88.92,860.80,7156,618.90,,0,6.09,9110,1018,6423,180.70,28270,314.10,2858,0,2579,373.30,,107.80,70.28,261.10,393980
1983,6.45,417.70,2318,0,99.17,,0,2818,282.20,0,2377,2171,471.80,10.17,0,112.80,0,1241,2505,0,100.30,0,0,0,126.40,0,9426,0,0,2583,0,0,0,3906,0,0,0,471.60,44130,2153,0,6.61,0,176.20,0,,1611,0,524.30,,3577,231.40,857.80,0,0,508.30,669.80,2676,199.90,0,,430.90,76.03,0,,49.41,869.90,10840,0,0,52.89,0,286.90,18450,129.10,6366,0,0,74.55,206.50,0,0,0,98.27,217.70,767.40,1906,54.81,10950,4391,2536,780.50,4894,816.20,16880,139.20,38100,576.50,2042,574.80,0,0,509.90,676.40,0,300.80,376.30,,39.67,2245,,1359,255.60,0,416.70,16.62,33.06,1716,0,9.92,0,,94.88,0,0,7855,58.76,0,0,1761,188.40,151.50,,0,19.76,763.40,26.35,425.50,47.44,16.53,1620,0,834.80,,0,2213,,149.10,0,70.56,937.20,2036,156.10,7102,2770,170,274.40,10220,885,0,90.03,0,6679,34440,0,0,0,0,0,0,3966,178.50,,0,0,0,,548.10,0,0,3874,14000,227.30,0,0,0,34.70,0,1136,2027,1643,7293,250.30,3319,,194.90,0,179.60,1375,6119,632.90,,0,8.98,9359,936.40,6639,188.40,30250,190.80,2896,0,2096,429.40,,386.60,69.42,261.20,403040
1984,47.96,428.70,2661,0,156.80,,0,2618,288.80,0,2683,2148,476.20,0,0,96.70,73.18,1243,2473,0,96.55,0,0,0,119.10,0,8853,0,0,2601,0,0,0,4276,0,0,0,511.20,50070,2392,0,0,0,214.90,0,,1671,0,479.20,,3531,238.30,868.60,0,0,520.50,814,3157,181.30,0,,441.30,107.70,0,,42.26,747.70,9958,0,0,91.41,0,287.50,17490,101.40,6015,0,0,77.23,191.40,0,0,0,100.70,238.90,816,1848,54.69,12590,4783,3578,725.80,5209,803.80,16080,131.90,37000,889.60,1916,515.80,0,0,530.40,683.90,0,309.20,290.20,,35.91,2658,,1412,250.90,0,409,16.32,32.65,1855,0,9.79,0,,87.30,0,0,8436,49.31,0,0,1633,199.20,136.50,,0,16.26,718.90,26.01,467,47.01,16.32,1329,0,773,,0,2078,,137.70,0,50.08,927.50,1684,134.60,7249,2512,214.10,0,9776,902.70,0,79.04,0,6683,34660,0,0,0,0,0,0,3486,169.80,,0,0,0,,534.90,0,0,4012,11550,221.10,0,0,0,24.14,0,1212,2071,1917,7008,254,3727,,207.30,0,184.70,1336,7028,634.20,,0,8.84,9422,1796,6680,163.20,32710,155.20,2875,0,2242,505.20,,622.70,107.70,287.40,411500
1985,31.65,425,2920,0,154.70,,0,2325,292.50,0,2891,1982,475.30,0,0,83.81,109.20,1232,2376,0,92.81,0,0,0,113.70,0,9174,0,0,2392,0,0,0,5063,0,0,0,509,59300,2430,0,25.72,0,216.30,0,,1592,0,375,,3485,193.60,910,0,0,455.80,915.40,2787,203,0,,447,109.60,0,,41.71,726.30,10220,0,0,106.40,0,284.90,15990,158,6032,0,0,76.52,239.60,0,0,0,119.80,152.60,802.10,1626,54.44,14390,5474,3537,772,5430,771.20,15430,121,34050,895.70,1767,370.70,0,0,527.70,684,0,314.40,213.40,,41.91,2863,,1450,223.40,0,396.50,16.12,25.62,1679,0,9.67,0,,89.83,0,0,9412,50.43,0,0,1670,87.04,208.60,,0,12.83,603.20,25.73,555.50,46.58,16.18,1463,0,803.20,,286.60,2281,,136.40,0,19.91,834,1408,178.30,6447,2420,140,0,9761,910.60,0,84.56,0,5819,34500,0,0,0,0,0,0,4006,177.30,,0,0,0,,511.80,0,0,3448,10920,259.90,0,0,0,24,0,1080,2108,1902,7097,255,3544,,252.30,0,149.70,1465,7793,628.50,,0,8.69,9382,1863,6612,132.20,31510,147.30,2821,0,2469,593.70,,618.80,138.60,306.30,416670
1986,37.56,421.40,3083,0,152.80,,0,2789,304.10,0,2908,1967,487.30,0,0,98.70,98.34,1253,2446,0,89.06,0,0,0,115.40,0,11180,0,0,2559,0,0,0,5270,0,0,0,498.50,67360,2687,0,25.46,0,247.20,0,,1652,0,491.70,,3438,191,1064,0,0,478.20,934,3681,197.80,0,,464.90,117.80,0,,41.16,636,10110,0,0,92.30,0,290,16330,95.48,5839,0,0,82.41,290.40,0,0,0,112.10,157.90,962.50,1687,50.70,16010,5977,3496,744.20,5440,769.90,14940,121.10,33190,785.50,1660,566.50,0,0,444.20,702.50,0,328.20,176.10,,41.37,897.50,,1528,302.90,0,400,15.91,31.83,1927,0,9.55,0,,89,0,0,8936,142,0,0,1683,31.83,186.80,,0,41.16,583.40,15.83,522.40,46.15,15.85,1671,0,877.70,,305.90,2251,,151.60,0,79.12,1044,1607,136.30,6724,2437,135.20,0,11160,945,0,64.26,0,6742,35350,0,0,0,0,0,0,4542,156.20,,0,0,0,,502.20,0,0,3287,10780,256.40,0,0,0,23.86,0,1044,2173,1838,7287,262.90,3504,,313,0,145.10,1426,8798,639.50,,0,5.70,9613,1201,6650,130.50,32650,156.60,2842,0,2665,696.50,,508.60,143.20,324.60,434600
1987,43.33,428.90,3591,0,150.80,,0,3169,311.10,0,2878,1930,491.50,0,0,100.60,101.60,1253,2393,0,85.31,0,0,0,112.60,0,11170,0,0,2450,0,0,0,6259,0,0,0,540,75430,2650,0,15.71,0,258,0,,1770,0,492,,3814,210.50,993.80,0,0,483.30,989.10,4221,271.10,0,,475.70,150.80,0,,24.99,635.20,10040,0,0,59.69,0,290.20,15800,116.20,5718,0,0,84.91,587.80,0,0,0,111,194.90,946.40,1839,60.69,16410,6510,4317,775.10,5462,816.40,15310,154.20,33190,979.90,1519,565.10,0,0,439,709.90,0,337.10,159.20,,43.98,1153,,1584,403.50,0,398.60,21.93,31.42,1801,0,9.43,0,,88.17,0,0,10050,175.80,0,0,1702,31.30,165.50,,0,65.59,494.20,21.86,514.10,45.72,15.71,1624,0,823.20,,362.50,2902,,156.80,0,117.90,1222,1495,182.90,6777,2604,130.40,0,12210,964.60,0,53.91,0,6763,35640,29.04,0,0,0,0,0,4180,160.20,,0,0,0,,474,0,0,3296,10250,253,0,0,0,23.71,0,1148,2287,1673,7686,266.60,4318,,342.40,0,143.70,1620,9593,640.10,,0,2.80,9689,1343,7096,128.80,32770,186.30,2815,0,2815,756,,327.70,160,345.70,453520
1988,42.94,370.20,3415,0,421.70,,0,3047,317.60,0,3136,2015,494.90,0,66.04,97.51,91.08,1252,2683,0,53.71,0,0,0,111.20,0,11030,0,0,2454,0,0,0,5986,0,0,0,619.80,84960,2986,0,31.01,0,245.90,0,,1787,0,504.20,,4942,207.70,888.70,0,0,656.70,1007,4715,275,0,,486,170.50,0,,18.49,666.80,10680,0,0,55.81,0,290,16060,201.50,5621,0,0,106.80,352.30,0,0,0,110,240.90,918.10,1785,60.41,18230,6768,4499,905.20,5250,833.80,15380,183.60,35840,782.80,1372,524,0,0,380.40,716.10,0,345.50,142.20,,43.41,1147,,1638,459.90,0,391.60,21.64,27.90,2060,0,9.30,0,,87.34,0,0,10070,156.40,0,0,1874,27.90,148,,0,89.68,512,24.65,475.60,45.29,12.40,1476,0,716.70,,371,2951,,97.05,0,143.20,1184,1827,208.70,7082,2607,128.90,244.50,13760,982.90,0,59.49,0,6818,35870,25.46,0,0,0,0,0,5319,164.30,,0,0,0,,521.90,0,21.70,4150,11250,166.40,0,0,0,23.57,0,1150,2458,1424,8498,270,4992,,358.90,0,158.60,1531,9821,639.60,,0,5.50,9749,1405,8188,80.61,33040,198.60,2781,0,2838,883.50,,276.60,170.70,325.60,479610
1989,42.50,377.40,3223,0,416.40,,0,2253,321.60,0,3380,1990,494.10,0,65.23,96.70,105.70,1239,2768,0,64.53,0,0,0,105.80,0,11200,0,0,2291,0,0,0,6263,0,0,0,642.50,84890,2911,0,52.01,0,266,0,,1574,0,611.80,,6748,189.70,1063,0,0,698.50,1024,6000,275.60,0,,492.20,156,0,,24.31,701.20,11220,0,0,48.95,0,287.20,16720,235.60,5356,0,0,96.13,381.60,0,0,0,96.13,276.70,884.10,1813,53.35,20790,7838,5289,877.30,5389,803.50,15790,216.80,36700,813.80,1211,504.80,0,0,469,716.20,0,351.10,125.30,,36.71,1132,,1680,488.40,0,381.90,24.57,30.59,2631,0,9.18,0,,86.51,0,0,10120,155.80,0,0,1853,30.59,164.10,,0,91.15,462.90,27.28,431.80,57.68,12.24,1456,0,691.50,,400.70,2865,,73.59,0,142.30,987.20,1603,230.90,7267,2629,127.30,256.90,14430,992.90,0,61.76,0,6243,35790,28.57,0,0,0,0,0,5553,159.10,,0,0,0,,477.20,0,21.42,3925,12040,164.10,0,0,0,23.42,0,1246,2706,1478,8871,271,6443,,383,0,166.60,1543,10220,633.50,,0,5.40,9725,1432,8358,223.30,33060,254.30,2724,0,2051,895.30,,295.10,159.10,299.80,492370
1990,45.77,307.80,2989,0,106.70,0,0,1822,315.50,0,3463,2033,478,0,61.76,99.73,99.12,1188,2824,0,73.71,0,,0,,,11060,0,0,2142,,,0,5823,0,0,,659.20,84510,2722,0,36.95,0,267.60,0,1093,1505,0,667.70,2489,6519,189.30,882.40,,0,457.50,1018,6767,276.70,0,0,483,139.60,0,,31.78,729.20,10940,,0,47.62,0,275.60,15300,277.10,5762,0,0,97.12,725.10,0,0,,86.32,276.50,737.50,1751,51.56,22350,7719,4173,884,6130,986.90,15850,221.10,38700,759.50,1015,619.90,0,0,375.60,694.20,,345.80,107.80,0,20.12,1108,0,1668,539.40,,288.80,24.63,40.64,3245,0,8.21,0,,107.90,0,0,10740,129.10,0,0,1842,32.43,168.70,0,0,43.60,415.80,26.48,448.70,94.70,8.21,1437,0,634.30,0,417.30,3052,,129.50,0,142.40,1025,2790,253.30,5453,3176,111.40,256.20,15870,971.70,0,70.09,,4445,34610,25.56,0,0,0,0,0,5819,192.90,1340,0,0,0,1464,470.50,0,16.42,3815,12280,163,0,0,0,22.62,0,1272,2581,1461,9093,263.70,7678,,402.40,0,189.10,1556,10440,607.90,0,0,9.73,9401,1360,7295,221.70,33480,226.20,2583,0,2366,1117,,345.50,179.40,287.40,499510
1991,45.77,245.50,2969,0,106.60,0,0,2196,299.50,0,3183,2005,466.90,0,62.13,78.66,99.13,1163,2880,0,73.71,0,47.21,0,,,11780,0,0,1265,,,0,4771,0,0,,773.10,101300,2720,0,42.22,0,301.80,0,708.40,855.40,0,628.90,2309,6512,102.50,1088,,0,532.40,1040,7855,293.10,0,,479,118.90,0,,32.15,568.90,10390,,0,47.96,0,259.30,13740,307.40,5716,0,0,103.50,620.80,0,0,,107.80,291.50,682.50,1102,47.98,24500,9087,2071,782,6270,1194,15690,192.20,40350,564.60,804.10,583.30,0,0,40.59,650.30,,319.70,90.99,0,0.82,971.10,0,1550,515,,277.80,24.59,49.19,3384,0,8.20,0,,105.60,0,0,10950,84.77,0,0,2514,32.79,180.30,0,0,55.35,497.90,36.63,437.70,103,8.20,1435,0,591.90,0,412.20,3159,,129.30,0,135.90,1027,3021,267.60,5414,3271,218.30,213.60,18960,900.80,0,69.98,,3201,32840,25.36,0,0,0,0,0,5509,206.20,,0,0,0,1038,416.70,0,4.10,3626,11700,162.80,0,0,0,22.60,0,1137,2248,1450,9535,248.30,7661,,401.30,0,209.10,1884,12020,571.80,0,0,17.69,8918,1439,5994,221.30,32740,226,2555,0,2864,1334,,352.10,150.40,354.60,512900
1992,45.77,80.73,2998,0,122.80,0,0,2495,238.70,0,2923,2105,379,0,90.45,75.38,86.75,1150,3089,0,73.71,0,47.16,0,61.27,,9770,0,0,1097,,,0,4804,0,0,,849,122400,2889,0,47.07,0,301.40,0,832,540.10,0,685.50,2468,6911,71.22,1193,,0,587.70,1016,8100,180.40,0,,315.40,122.80,0,0,34.15,473.50,9343,,0,47.48,0,203.30,14440,419.10,5861,0,0,101.20,602.70,0,0,,86.11,271.10,667.90,858.80,45.10,25160,9777,822.30,753,6226,1302,16430,237.80,41670,1289,699.20,617.20,0,0,219.10,506.50,2.85,141.90,123.60,0,3.27,941.30,0,755,520.40,,212.50,24.56,45.84,3275,0,8.19,0,0,103.30,0,0,11750,49.52,0,0,2745,12.28,188.60,0,0,96.76,449,36.59,477.20,119.30,11.87,1432,0,653.30,0,398.80,3168,0,107.60,0,220.30,973,2903,271,5538,3136,223.70,253.80,21130,474.30,0,103.20,,2906,26720,25.15,0,0,0,0,0,7417,246,,0,0,0,1307,384.90,0,10.23,3429,10440,332.10,0,0,0,22.58,0,1089,2108,1521,10330,196.30,9267,,371,0,207.50,1873,13270,447.20,0,0,17.36,8679,1562,5456,221,32990,225.80,2493,0,2974,1769,,328.90,142,368.40,534670
1993,46.99,80.48,2988,0,102.20,0,0,2761,120.30,0,3005,2032,294.10,0,91.82,73.20,30.74,1069,3082,0,78.29,0,43.86,0,60.69,,10160,0,0,1154,,,0,4893,0,0,,860.10,142800,3318,0,46.59,0,369.80,0,687.10,517.20,0,746.90,2195,6904,60.89,1206,,0,546.50,946.70,7596,370.20,0,0,228.10,143,0,0,32.49,361.30,8592,,0,53.94,0,121.80,14530,491.60,5875,0,0,98.90,481.20,0,0,,43,299,695.20,1022,39.05,26600,10770,816.20,729,6559,1457,14070,225.90,41220,1434,352.90,579.10,0,0,204,320.60,2.84,15.81,191,0,3.27,939.90,0,363.90,432.30,,205.10,24.52,51.90,3425,0,8.17,0,0,94.60,0,0,12390,25.68,0,0,2732,8.17,162.40,0,0,111.30,458,36.55,489.30,109.60,11.85,1308,0,837.90,0,408.10,3379,0,245.50,0,210.10,1161,3455,295.10,5147,3195,222,253.40,24700,405.70,0,102.90,,2833,21990,24.95,0,0,0,0,0,7398,241.10,,0,0,0,1029,288.70,0,10.22,3587,9914,274.50,0,0,0,22.56,0,1092,1913,1836,11680,147.20,11410,,380,0,227,1993,13050,446.70,0,0,17.02,6398,1632,5525,220.70,34840,225.60,2370,0,3087,1847,,326.50,143,408.70,556210
1994,46.99,40.30,2821,0,97.93,0,0,3050,60.61,0,3484,2102,236.60,0,91.13,71.75,38.68,793.90,3179,0,65.14,0,48.68,0,97.77,,10090,0,0,1441,0,,0,5769,0,0,,935.30,164400,3920,0,35.50,0,403.70,0,840.40,570.90,0,783.80,2208,6896,67.73,1192,,0,548,975.70,7615,365,0,18.36,330.10,189.30,0,0,38.13,363.60,8775,17.13,0,51.41,0,40.56,15340,549.20,5916,0,0,98.77,515.30,0,0,,0,252.20,781.70,1181,36.54,28540,12540,810,859,6780,1506,13790,223.10,42300,1620,168.70,592.50,0,0,405,182.20,4.06,76.60,155,0,1.22,1551,0,381.60,487.20,,197.90,16.32,49.78,4007,0,6.12,0,0,94.48,0,0,13840,31.14,0,0,2714,24.48,190.70,0,0,128.20,463,36.51,496.90,132.70,11.83,1072,0,845,0,486,3286,0,264.10,0,264.20,1471,4138,346.30,6643,3292,189.90,195.40,26840,328.40,0,66.61,131,2771,16480,4.12,0,0,0,0,0,7246,279.50,,0,0,0,1115,382.70,0,10.20,3853,11500,375.20,0,0,0,27.05,0,1109,2110,1823,11130,98.07,12700,,317.80,0,250.40,2144,13490,284,0,0,12.02,4991,2025,6368,128.50,36310,318.80,2101,0,3123,2056,,324,114.30,436.60,592980
1995,46.99,80.61,3165,0,81.48,0,0,2621,139.20,0,3358,1631,102.50,0,79.18,68.98,37.20,695.40,3255,0,80.57,0,56.73,0,89.67,,11530,0,0,1993,12.22,,0,6529,0,0,,991.80,184600,3896,0,39.11,0,371,0,626.80,726.70,0,751,2005,6888,95.74,1204,,0,623.20,1179,8325,381.70,0,20.37,347.90,248.90,0,0,36.87,377.90,8635,27.03,0,62.74,0,40.52,15560,529.60,6356,0,0,98.65,494.10,0,0,,0,293.10,775.10,1186,36.84,31100,13310,847.30,879,6986,1900,15310,262.60,42140,1410,97.93,638,0,0,783.80,140.40,4.05,94.32,475,0,2.04,1308,0,308,434.20,,212.50,16.30,56.63,4285,0,5.30,0,0,94.36,0,0,11030,40.07,0,0,2718,24.44,209.50,0,0,132.50,428,40.52,538.70,139,12.22,1060,0,875,0,473.10,3479,0,263.80,0,291.50,1751,4547,401.90,6666,3462,190.90,224.90,28100,248.50,0,159.80,127.50,3146,16650,4.09,0,0,0,0,0,7612,282.70,,0,0,0,1155,406.10,0,10.19,4418,12360,362.20,0,0,0,27.03,0,1296,1989,1794,10930,49.02,14830,,398,0,239.80,2291,14130,177.10,0,0,27.80,3408,2379,6285,242.80,37080,270.30,1545,0,3456,2536,,437.30,127.10,394.40,627070
1996,47.40,80.61,3006,0,109.80,0,0,2422,173.50,0,3244,1634,120.30,0,76.58,153.70,53.07,835,3009,0,66.29,0,64.76,0,58.93,,13880,0,0,1961,12.20,,0,6185,0,0,,961.20,192900,3730,0,20.34,0,355.50,0,686,718.80,0,810.90,2116,6881,98.04,1282,,0,703.30,1363,8780,406.10,0,19.12,361.50,280.70,0,0,34,381.40,8436,23.41,0,75.26,0,34.40,14810,610.20,6374,0,0,98.52,466.90,0,0,,0,383.70,820.40,1111,40.82,34080,14270,638.20,983,7081,1673,13990,271.20,42560,1401,15.84,738.70,0,0,797.70,245.10,31.57,105.80,782.50,0,6.10,1444,0,317.50,428.20,,197.80,17.90,37.02,4790,0,4.88,0,0,94.24,0,0,12270,39.47,0,0,2778,73.22,204.40,0,0,125.10,316,40.47,510.30,154.20,11.80,1035,0,863,0,502.60,3602,0,277.10,0,274.60,1771,5335,420.40,6219,3388,275.20,124.10,28310,193.10,0,156.60,121.60,3200,12720,17.03,0,0,0,0,0,7925,329.90,,0,0,0,1100,436.10,0,0,4381,12110,375.60,0,0,0,27.01,0,1225,1791,1795,10610,24.50,16470,,411.50,0,264.30,2112,14660,182.50,0,0,80.11,2161,2393,6416,295.30,37310,308.40,1433,0,3401,2850,,410,141.60,406.80,639610
1997,47.40,40.30,3271,0,122.30,0,0,3169,184.10,0,3185,1761,175.10,0,68.08,229.50,85.82,979.50,3162,0,77.14,0,64.69,0,77.80,,15270,0,0,1573,16.25,,0,6657,0,0,,945.90,202900,3850,0,8.12,0,402.10,0,805.90,941.80,0,780.10,2083,2830,50.77,1343,,0,785,1304,9215,436.40,0,24.37,396.10,305.40,0,0,38.81,450,8111,22.94,0,81.23,0,36.79,15270,690.50,6408,0,0,98.39,547.60,0,0,,0,416,778.30,1174,45.47,37420,16010,672.80,1145,7565,1719,14230,237.60,39930,1287,46.94,611.70,0,0,791.60,294.80,33.96,107.70,845.70,0,2.84,1025,0,366.10,442.10,,201.50,14.62,71.49,5207,0,12.19,0,0,94.12,0,0,12910,41.64,0,0,3032,89.36,208.60,0,0,90.97,376,40.43,532.20,161.30,12.19,1024,0,922.20,0,500.30,3639,0,299.50,0,273.40,1974,6279,465.50,6739,3561,273.90,251.80,29320,270.10,0,114.50,121.40,3005,12270,24.53,0,0,0,0,0,7417,346.90,,0,0,0,1215,441.50,0,0,4766,12750,390.10,0,0,0,26.99,0,1105,1607,1916,10640,17.64,15780,,102.20,0,279.40,2040,15100,181.90,0,0,90.99,2415,2078,6710,252.20,38560,351.30,1502,0,3664,3451,,488.80,156,446.80,659360
1998,47.40,32.91,3446,0,141.90,0,0,3283,187.40,0,3475,1599,115,0,90.32,268.60,128.50,968.40,3175,0,0,0,60.58,0,115.50,,16180,0,0,1118,16.22,,0,6828,0,0,,1131,211400,3815,0,0,0,463.60,0,865.60,855.40,0,739.50,2068,1292,54.34,1390,,0,805.40,1169,9787,455,0,18.25,403.50,304.20,0,0,36.35,447.80,8686,39.55,0,79.49,0,80.77,15540,661,6383,0,0,98.27,640.90,0,0,,0,354.90,621.50,1222,53.18,39030,13080,785.40,1059,7862,2189,14540,262.90,35360,1041,10.26,578.30,0,0,528.20,316,32.31,104.70,1334,0,4.05,1217,0,411.70,443.90,,186.90,17.84,54.34,5325,0,0,0,0,94,0,0,13410,40.70,0,0,3086,85.98,147.40,0,0,113.10,432,0,488.90,161.10,12.17,1095,0,900.10,0,523.50,3595,0,320.40,0,247.30,1987,5492,525.40,6334,3537,387.20,300.10,22880,215.10,0,81.24,154.10,2916,11920,23.52,0,0,0,0,0,7596,405.50,,0,0,0,1822,460.10,0,0,4249,13810,353,0,0,0,26.97,0,1133,1607,1809,9975,8.81,9661,,374,0,294.80,2108,15290,181.70,0,0,98.57,2788,2775,6838,315.50,39460,391.90,1592,0,3686,4168,,471.60,142.30,446.10,654910
1999,47.40,44.02,3435,0,83.82,0,0,3290,180.60,0,3520,1607,104.20,0,60.78,430.90,125.50,881.70,3113,0,0,0,60.51,0,114.40,,16440,0,0,1106,72.89,,0,7118,0,0,,950.80,228300,2879,0,0,0,469.40,0,1134,892.90,0,740.10,1963,1614,64.38,1355,,0,974.20,1033,10820,439.90,0,18.22,361,258.30,0,0,38.32,478.60,8386,39.52,0,72.89,0,137.60,15770,757.20,6366,0,0,98.14,682.70,0,0,,0,384.70,559.50,1224,60.39,44590,14080,1948,1166,8477,2273,15280,241.30,35010,1047,7.47,583.10,0,0,559.10,171.10,32.27,138.70,1334,0,6.07,1215,0,345.80,465.50,,212.40,18.63,75.72,5480,0,0,0,0,93.88,0,0,13900,38.68,0,0,3113,87.46,136.40,0,0,117,517,0,532.10,149.30,12.15,1012,0,892.30,0,474.20,3873,0,324.30,0,239.30,1734,5331,539.30,6178,3827,399.40,344.20,23720,210.80,0,93.12,153.90,2645,13170,26.09,0,0,0,0,0,7842,404.90,,0,0,0,1827,464.50,0,0,3920,14430,393.70,0,0,0,26.94,0,1139,1606,2000,9262,14.69,10780,,615.70,0,293.60,2228,14590,181.50,0,0,104.20,2535,2754,6531,337.30,40240,354.30,1498,0,3817,4464,,566.50,121.50,404.90,685590
2000,10.22,73.19,3789,0,81.26,0,0,2771,138.80,0,3621,1712,121,0,34.40,704.40,133,836.30,3270,0,0,0,60.44,0,236.90,,16050,0,0,1212,40.43,,0,7232,0,0,,1010,244400,3241,0,8.09,0,447.50,0,1263,808.90,0,762.70,1937,1854,68.33,1385,,0,1068,1256,11170,453.40,0,18.19,373.70,355.80,0,0,38.28,504.80,8561,39.49,0,84.90,0,140.20,15250,788.40,6537,0,0,112.90,835.30,0,0,,0,499.50,517.40,1353,64.44,45600,16450,2319,1701,9118,2152,15860,274.60,35090,1021,2.00,552.70,0,0,458.80,220.40,37.07,88.37,1631,0,28.71,1213,0,292.50,491.60,,234.50,20.62,63.07,6588,0,0,0,0,108.70,0,0,14570,34.27,0,0,3326,109.20,158.40,0,0,120.90,469,40.30,530.80,225.90,16.17,1011,0,889.70,0,478.60,3989,0,404.90,0,242.60,1778,5059,481,6114,3809,467.70,359.80,24760,172.80,0,60.04,153.60,2656,15110,27.82,0,0,0,0,0,8696,542.20,1046,0,0,0,1190,490.70,0,,3871,14730,406.20,0,0,0,26.92,0,1288,1725,1790,8824,24.47,10850,,320.10,0,316.60,2583,15180,181.30,0,0,107.80,2261,2358,6332,336.80,41450,314.10,1482,0,3859,5628,,541.20,153.60,404.30,717860
2001,6.54,0,3766,0,221.50,0,0,2481,143.50,0,3541,1720,303.70,0,33.72,935.10,124,985.80,2957,0,0,0,64.20,0,262.90,,15230,0,0,1228,20.13,,0,6983,0,0,,1013,270800,3115,0,0,0,507.70,0,1450,799,0,745,1629,2070,80.94,1388,,0,1162,1297,11750,496.70,0,18.12,379.80,362.40,0,0,38.12,503.60,8655,25.76,0,96.65,0,134.40,13500,765.10,6566,0,0,112.10,846.10,0,0,,86.30,509.30,513.20,1357,57.69,46880,18460,2274,1851,9922,1820,16390,266,34370,1202,158.20,531.20,0,0,349,204.90,36.91,109.90,1688,0,25.37,1208,0,283.40,428.60,,252.80,20.94,72.89,6327,0,0,0,0,107.90,0,0,14060,25.30,0,0,4079,106.70,151.70,0,0,114.40,478,37.31,534.70,217.40,18.93,966.50,0,853,0,519.10,4414,0,346.90,0,200.10,1806,3623,436.50,4957,3627,469.90,394.60,25670,173.90,0,77.73,153,2768,15860,35.35,0,0,0,0,0,9887,619.70,,0,0,0,1209,505,0,,3783,15010,444.60,0,0,0,28.86,0,1332,1758,1897,9086,34.25,11850,,396.80,0,294.90,2596,15090,180.60,0,0,123.70,2475,2311,5844,362.40,41610,450.70,1682,0,3863,6574,0,565.70,86.58,322.20,748560
2002,11.03,0,4058,0,239.50,0,0,1729,211.40,0,3488,1736,471.70,0,24.88,884.60,148,1072,2993,0,157.10,0,63.92,0,337.30,,14390,0,0,1215,12.03,,0,7148,0,0,,1079,296600,3105,0,0,0,503.90,0,1429,982.20,0,766,1403,2125,106.30,1416,,0,1281,1318,12720,555.60,0,18.05,356.30,361,0,0,44.34,484.90,8643,27.24,0,103.10,0,138.60,12820,762.10,6313,0,0,96.58,839.90,0,0,,121.80,467.60,481.80,1426,38.27,51030,18140,2537,1860,10450,1821,16290,276.70,32420,1321,26.94,586.80,0,0,588.10,230.90,95.88,117.50,1676,0,21.66,1324,0,290.50,443.30,,241.80,12.03,43.72,7146,0,0,0,0,92.80,0,0,14550,55.16,0,0,4132,196.50,188.20,0,0,115.90,488.80,39.95,550.90,230.50,21.66,842.30,0,875.20,0,631.20,4395,0,314.10,0,185.90,1827,5553,443.80,4670,3910,497.50,375.80,27110,219.20,0,83.40,152.40,2642,17120,38.89,0,0,0,0,0,11160,663,,0,0,0,1165,443.50,0,,4258,15530,406.70,0,0,0,28.56,0,1280,1691,1737,9774,48.91,13410,0,490.70,0,312.40,2715,15510,179.80,0,0,141.80,2817,2599,5988,411.50,43160,439.40,1693,0,3076,8274,0,579.60,92.25,240.70,791170
2003,9.81,230.80,4032,0,279.60,0,0,2280,220.20,0,3584,1754,538.50,0,47.01,835,153,1342,2933,0,166.30,0,63.64,0,325,,13100,0,0,1273,11.98,,0,7248,0,0,,1113,345200,3376,0,0,0,471,0,1433,924.90,0,751,1485,2204,132.20,1330,,0,1212,1348,11890,579.80,0,17.98,335.30,451.40,0,0,47.73,466.60,8556,26.09,0,103.90,0,137.20,13510,759,6368,0,0,95.66,833.60,0,0,,121,480,472.80,1412,32.11,54380,17810,691.30,2127,10750,1885,16940,312.50,31940,1278,0.52,662.40,0,0,677.70,325.30,99.44,128.80,2305,0,9.99,1398,0,292.50,389.20,,307.90,79.90,64.32,8210,0,,0,0,91.70,0,0,14650,60.66,0,0,4184,239.70,227.30,0,0,117.30,433.90,39.85,534.10,370.80,21.57,918.80,0,904.10,0,909.20,5171,0,370.50,0,224.60,1845,5359,494.80,4566,3616,509.10,379.10,27920,245.60,0,109.70,151.80,2650,18670,40.11,0,0,0,0,0,11550,676.70,,0,0,0,921.60,451.40,0,,4515,16040,463,0,0,0,28.26,0,1206,1654,1754,9313,81.30,13740,0,742.20,0,319.10,2705,16020,179,0,0,138.70,3612,2909,5868,473.90,43350,456.50,1792,0,3348,9366,0,560.40,139.80,159.80,851690
2004,9.81,227.20,4897,0,300,0,0,2701,298.30,0,3555,1790,724.10,0,142.40,785.50,152,1587,2837,0,212,0,67.33,0,385.10,,13270,0,0,1444,11.94,,0,7520,0,0,,1194,380000,3442,0,0,0,620.50,0,1517,939.90,0,807.70,1627,2230,160.10,1459,,0,1098,1493,12690,523.30,0,17.90,364.80,523.60,0,0,47.53,528.80,9065,25.81,0,103.50,0,168.20,14070,756,6364,0,0,95.15,910.10,0,0,,124.10,522,411.60,1289,49.79,56950,19050,890.10,2295,11320,1946,17410,315,31280,1391,345.90,711.90,0,0,938.20,370.50,99.01,136.90,2615,0,48.17,1432,0,351,427.50,,296.70,67.64,47.55,8197,0,,0,0,91.01,0,0,15350,55.58,0,0,4395,218.80,205.50,0,0,112.90,445.90,45.45,487.50,215.50,21.49,915.10,0,716.40,0,933.20,5941,0,431.10,0,210.40,2132,5416,549,5070,4004,498.50,410.80,26120,282.60,0,124.10,151.20,2992,20920,39.44,0,0,0,0,0,11720,951.30,,0,0,0,1217,473.20,0,,4390,16290,554.50,0,0,0,27.96,0,1284,1752,1694,9546,94.62,15010,0,747.30,0,317.90,2965,17210,217.80,0,0,149.20,4264,3204,5977,509.70,45890,266.70,2132,0,2151,10300,0,550.50,155.20,198.90,908770
2005,6.21,194,5662,0,521.10,0,0,3241,331.10,0,3664,1797,742.50,0,139.40,750.60,154,1781,2934,0,221.70,0,67.03,0,367.70,,14350,0,0,1618,11.89,,0,7614,0,0,,1152,411600,4125,0,39.63,0,821.10,0,1550,1066,0,788.20,1625,2248,206.60,1363,,0,1141,1570,14150,464.40,0,17.83,372.90,621.60,0,0,56.39,542.20,9108,25.53,0,103,0,177.40,13050,713.30,6791,0,0,98.54,985.40,0,0,,123.20,514.20,396.40,1199,53.95,60840,18530,1045,2357,11340,2158,17400,281.90,32280,1410,355.20,841.40,0,0,747.30,410.60,98.58,134.40,2749,0,57,1435,0,383.30,419.60,,351.70,59.44,65.78,8062,0,,0,0,90.33,0,0,16670,73.25,0,0,4364,194.20,214.10,0,0,114.40,420.70,47.04,576.60,217.70,23.46,1070,0,779.90,0,935.80,6703,0,431.10,0,225.80,2376,6221,612.70,5057,4088,522.60,396.30,23330,365.10,0,132.40,150.60,3175,22260,37.90,0,0,0,0,0,11530,1040,1188,0,0,0,1256,486.70,0,,5062,16790,591.50,0,0,0,27.66,0,1315,1847,1638,9977,124,15910,0,783.60,0,281.80,2959,19120,256.30,0,0,164,4785,3484,5941,541.30,46190,263.80,2267,0,2468,11980,0,540,172.40,237.80,961980
2006,12.18,208.60,6540,0,539,0,0,3764,338.20,0,3888,1954,783.10,0,141.20,700,152,1899,3112,0,225.70,0,70.28,0,448,,15440,0,0,1550,11.78,,0,7728,0,0,,1236,470100,4117,0,39.26,0,569.10,0,1642,1137,0,821,1748,2405,203.80,1395,,0,1535,1737,15570,533,0,17.67,413.70,679.60,0,0,55.83,573.90,9307,26.20,0,102.10,0,175.70,13340,706.60,6599,0,0,93.51,975.70,0,0,,117.90,619.40,394.30,1296,61.05,64230,19050,1235,2348,12300,2265,17470,314.20,31990,1400,475.60,853.50,0,0,776.50,443.70,156.20,169.20,2012,0,60.85,2081,0,515.30,415.40,,366.40,58.89,73.65,8604,0,,0,0,89.44,0,0,17820,88.20,0,0,4472,237.50,222.60,0,0,115.20,399.90,46.58,544.80,215.50,24.34,1296,0,804.50,0,1275,8063,0,426.90,0,226.40,2612,4880,691.50,5984,4000,553.40,392.60,23140,457.10,0,78.75,157,3656,24540,38.10,0,0,0,0,0,12390,1132,1324,0,0,0,1389,511.60,0,,5400,16740,624.70,0,0,0,27.47,0,1442,1853,1696,9812,138,16420,0,679.80,0,359,3084,20840,359.40,0,0,163,5484,4588,5893,537.80,46850,262,2348,0,4649,12260,0,518.80,215.90,274.80,1047300
2007,11.61,347.70,7001,0,542.10,0,0,3998,406.80,0,3972,2131,817.20,0,144.80,682,150,1939,3087,0,212,0,69.28,0,473.40,,17200,0,0,1979,11.62,,52.63,7731,0,0,,1316,515000,4541,0,38.72,0,922.20,0,1669,1164,0,812.40,2043,2359,205.30,1407,,0,1644,1834,17100,521.20,0,17.42,596.70,629.40,0,0,55.81,605.50,9478,25.73,0,88.51,0,173.20,14450,696.90,6407,0,0,92.22,1002,0,0,,116.30,643.20,384.90,1328,63.17,68510,19570,1629,2374,14190,2271,17910,270.20,30660,1541,596.90,985.60,0,0,796.60,506.30,153.90,171.50,2263,0,60.87,2016,0,524.10,410.30,,370.10,104.50,71.74,8346,0,,0,0,88.21,0,0,18970,112.10,0,0,5004,257.50,234.10,0,0,115.50,403,46.88,687.30,212.50,16.26,1820,0,868.80,0,1405,9908,0,421,0,209,2730,5155,721.60,7050,4166,869,445.30,26280,702.70,0,126.50,154.90,4054,27640,36.84,0,0,0,0,0,14180,1221,1366,0,0,0,1485,542.90,0,,5408,16820,654.30,0,0,0,26.98,0,1339,1885,1848,9484,153,14700,0,604.40,0,361.60,3108,22780,362.20,0,0,145.20,6164,5793,6117,631.10,45510,257.30,2554,0,3320,14060,0,625.70,209.10,154.90,1123500
2008,15.24,359.10,7583,0,684.70,0,0,3990,412.20,0,3863,2133,770,0,156.80,699,143,2108,3033,0,181.70,0,68.75,0,521.10,,18880,0,0,1900,180,0,371.30,6988,0,0,,1307,525900,4439,0,40.39,0,834.20,0,1573,1079,0,818.20,1996,2450,158.10,1155,,0,1671,2222,16190,516.40,0,17.31,602.70,705.40,0,0,54.62,619.80,8880,25.07,0,88.47,0,171.90,13580,692.30,6054,0,0,119.20,993,0,0,,119.20,648,544.70,1261,60.83,73080,20540,2310,2107,15630,2171,16130,300.60,28550,1566,984.20,1088,0,230.80,930.80,501.40,152.80,167.70,2322,0,36.16,2119,0,453.80,382.40,,359.10,61.54,91.16,8863,0,,0,0,59.58,0,0,18640,123.30,0,0,5455,286.20,258.20,0,0,112.70,398.90,52.33,639.10,210.50,21.54,3846,0,832.60,0,1429,11760,0,732.10,0,229.20,2939,5168,802.80,6693,4012,1360,384.60,26080,789.90,0,97.16,153.90,4143,23630,36.84,0,0,0,0,0,18370,1186,1435,0,0,0,1604,593,0,,4989,14390,687.50,0,0,0,26.29,0,1396,1858,1910,8504,93.06,13130,0,471.20,0,380.50,3295,24840,391.50,0,0,185.50,6294,7835,5205,675.40,41420,250.70,2827,0,3253,15360,0,755.70,215.40,153.90,1139100
2009,12.87,432.40,8220,0,693.20,0,0,3810,241.30,0,3829,1799,620.80,0,251.70,699,113,2099,2795,0,223.40,0,68.70,0,385.10,96.28,19030,0,0,983,216.80,0,347.50,5364,0,0,,1081,583600,3930,0,42.36,0,830.10,0,1250,1023,0,673.10,1566,2443,177.20,764.40,0,0,1523,2110,19970,479.10,0,17.33,257,650.10,0,0,41.99,385.30,7679,24.64,0,96.28,0,332.10,12560,693.20,4582,0,0,118.60,592.90,0,0,,118.60,636.80,429,972.70,28.10,85050,19440,2517,1327,17750,1815,13340,385.90,25310,1394,932.70,1279,0,194.20,719.10,240.30,381.70,178.10,2542,0,27.34,2503,0,284,357.90,,355.60,53.92,89.35,8386,0,,0,0,59.29,0,0,17860,99.79,0,0,5598,299.20,255.70,0,0,458,416.20,52.67,586,209.50,16.17,3851,0,841.90,0,1438,11410,0,663.70,0,273.90,3330,5670,910.80,5757,3223,1472,423.60,24550,340.60,0,242.90,146.30,3093,19750,30.88,0,0,0,0,0,20180,1279,1081,0,0,0,1213,421.50,0,,5432,11400,725.20,0,0,0,19.47,0,1263,1848,1861,7865,95.35,14090,0,546.10,0,343.90,3297,26560,419.90,0,0,200.50,2590,6830,3721,747.50,29610,417.30,2905,0,3139,19240,0,761.50,338.90,269.60,1174900
2010,14.55,502,8252,0,578.40,0,0,4178,288.30,0,3549,1622,617.40,0,430.20,680,101,2201,2582,0,242.30,0,76.34,0,359.80,100.30,21290,0,0,807.30,226.40,0,370.10,6005,0,0,0,1047,639600,4039,0,30.85,0,501.70,0,1213,927.10,0,555.10,1469,2328,189,672.20,0,0,1615,2088,20510,507.20,0,17.35,310.40,632,0,0,62.22,525.70,7888,35.14,0,85.99,0,327.10,12430,809.80,4209,0,0,118,1099,0,0,0,118,606.30,557.70,735.40,9.92,91370,19440,2868,1105,21560,2023,13280,327.30,24320,1409,1025,1431,0,161.20,717,312.30,458,430.60,2571,0,27.76,2699,0,289,370.70,,315,61.70,72.50,7413,0,,0,0,58.98,0,0,17050,171.60,0,0,5359,340.90,203.80,0,0,519.10,348.20,61.07,557.40,235.90,12.34,3856,0,754,0,1613,11450,0,586.30,0,251.30,3338,6056,953.20,6221,3376,1355,385.60,24300,349.80,0,746.60,115.70,2778,22720,31.38,0,0,0,0,0,20990,1568,1051,0,0,0,859.90,358.30,0,,4819,11200,663,0,0,0,17.77,0,1324,1955,2151,8105,144,12100,0,551.20,0,311,3487,29280,438.90,0,0,323.30,2882,6453,3792,891.50,31450,329.30,2924,0,2811,23770,0,668.30,434.60,308.50,1253600
2011,14.59,692.50,8187,0,764.90,0,0,4586,264.30,0,3496,1666,465.10,0,460,695,98.35,2191,2762,0,233.10,0,205.80,0,337.30,5.74,22850,0,0,787.30,225.70,13.39,430.90,6020,0,0,0.76,1080,708600,4588,0,26.77,0,547.10,0,1086,939.90,0,546,1665,2440,175.20,861.80,0,0,1562,2239,20100,515.80,0,61.19,416.10,796.30,0,0,64.30,557.80,8065,35.31,0,86.44,0,568.10,13390,956.20,2430,0,0,117.20,1114,0,0,0,19.54,667.60,581.40,563.60,19.65,96490,21060,3539,966.30,23060,2251,12580,326.70,24980,996.50,1066,1713,0,161.20,796.20,412.40,491.70,557,2578,0,30.98,1339,0,319.80,389.20,170.20,359.10,76.49,95.62,8105,0,0,0,0,58.61,0,0,17770,157,0,0,5191,373.30,203.50,147.70,0,794.30,351,55.22,528.50,273.50,25.24,4590,0,748.90,0,1769,11030,0,690.10,0,204.70,3300,6114,1043,7379,2813,1769,438.30,24720,427.30,0,1149,95.62,3089,25130,31.47,0,0,0,0,0,22330,1789,1032,0,0,0,1262,305.80,0,,4433,9523,750.40,0,0,0,29.03,0,1361,1925,1769,8512,146,12840,0,624.30,0,323.20,3040,30530,737.60,0,0,394.60,3901,5662,4097,921.40,32210,379.80,2792,0,3044,28220,0,990.80,459,382.50,1349000
2012,28.93,857.40,7697,0,1147,0,0,4184,277.90,0,3518,1673,658.10,0,469.50,675,77.62,2389,2643,0,236.60,0,196.50,0,315,5.74,25000,0,0,981.30,252,27.15,486.70,6532,0,0,53.53,1128,714800,5051,0,57.35,0,544,0,1041,954,0,504.50,1517,2431,157.90,871.10,0,0,1605,2353,20970,536.20,0,87.94,407.40,1357,0,0,56.57,497.20,7502,39.06,0,76.47,0,583.10,13290,1759,3099,0,0,116.60,1119,0,0,0,29.14,765.40,631.70,678.40,0,103300,23270,3478,1177,24070,2252,10070,339.30,25620,1412,2321,1795,0,205.10,834.60,494,565.70,575.10,2389,0,46.65,764.70,0,395.20,381.10,165.90,249.20,87.94,91.76,8505,0,0,0,0,58.28,0,0,18410,157,0,0,5838,452.70,347.70,222.60,0,1026,308.10,47.14,568.60,240.90,28.68,6118,0,725.40,0,2121,11380,0,897.60,0,293,3731,7218,1060,6384,2550,1913,487.50,24850,442.20,0,1341,133.80,3150,26330,29.63,0,0,0,0,0,25370,1793,877.70,0,0,0,1096,315.80,0,,4414,8754,779.20,0,0,0,44.53,0,1479,1808,2087,7996,123,13140,0,607.10,0,254.10,2933,30450,893.80,0,0,428.30,3281,5216,3724,986.90,35270,340.60,2791,0,3297,28120,0,959.80,611.80,565.90,1381500
2013,35.55,769.40,7298,0,1557,0,0,4581,258.80,0,3294,1656,721.80,0,452.80,742.70,70.57,2469,2541,0,213.10,0,217.90,0,337.30,5.84,26650,0,0,891.60,225.80,38.92,507.10,5973,0,0,70.06,1086,748300,4790,0,97.31,0,567.30,0,1141,921.40,0,752.30,1332,2523,174,867.10,58.39,0,1650,2612,20210,466.30,0,89.53,399.10,1749,0,0,69.20,481.80,7300,36.82,0,66.17,0,619,12500,1752,3639,0,0,116.60,1154,0,0,0,38.86,692.20,676,515.90,0,108000,24770,4179,1112,24830,2170,8877,362,26810,1463,3031,1969,0,216.20,1045,659.50,824.30,540.50,2539,0,75.51,778.50,0,460.80,371.60,221.80,282.10,89.53,89.53,9369,0,171.30,0,0,58.29,0,0,17440,96.43,0,0,5805,505.60,428.60,270.40,0,1143,274,45.50,586.30,252.60,11.29,7785,0,730.60,0,2020,12030,0,920.90,0,222.10,4257,7715,1199,5874,2814,1858,544.90,25050,476.90,0,1377,155.70,2695,27280,31.39,0,0,0,0,0,28220,2021,772,0,0,0,1135,391.10,0,,4659,7642,737.50,0,0,0,51.31,0,1402,1833,1393,8030,188,14930,0,473.70,0,311.60,2960,32990,1013,0,0,358,3397,5468,4029,913.20,36370,332.90,2869,0,3465,30320,0,1149,704.50,463.20,1439300
2014,28.64,677.40,8361,0,1976,0,0,4336,243.60,0,3138,1639,924.50,0,454,752.50,70.57,2718,2643,0,216,0,263.30,0,321.30,5.81,26910,0,0,911.10,156.20,27.12,510.50,5912,0,0,77.50,1022,778600,5277,0,178.20,0,581.50,0,1225,712.90,0,973.80,1483,2549,127.90,887.30,65.87,0,1945,2602,20760,387.70,0,89.12,421.90,2102,0,0,71.74,468.80,6975,34.31,0,65.87,0,620.50,12900,1744,3822,0,0,116.30,1357,0,0,0.79,77.54,662,725.10,565.70,0,113800,25480,3143,1461,23490,2292,8339,413.40,26560,1537,3238,2280,0,186.90,1327,675.30,839.90,558.60,2402,0,114.30,2712,0,400.80,359.80,225.20,256.50,93,104.60,9857,0,255.70,0,0,58.15,0,0,18260,182.40,0,0,5171,585.90,502.60,303.20,0,1183,282.30,40.45,619.50,271.40,8.14,7750,0,727.20,0,1781,12200,0,849,0,259,4590,8155,1316,6456,3096,2270,503.70,25410,464.60,0,1348,135.60,2944,26450,35.97,0,0,0,0,0,29850,1898,666.40,0,0,0,1267,418.30,0,,4678,8897,719.30,0,0,0,51.26,0,1399,1880,1327,7088,562,15150,0,435.40,0,324.50,3634,33470,1107,0,0,392.70,3299,5588,4215,1088,39440,323.30,3017,0,3131,32690,0,1083,736.20,503.70,1492400
2015,41.19,773.10,9157,0,2015,0,0,4571,240.70,0,3076,1701,843.40,0,454,1239,70.57,2218,2348,0,214.30,0,301.90,0,309,5.81,25080,0,0,1105,101.90,38.75,652.90,6222,0,0,77.50,1033,722000,5605,0,271.20,0,620.30,0,1169,669.50,0,877.10,1558,2557,154.60,931.50,69.75,0,2009,2445,21650,387.70,0,77.50,205.60,2906,0,0,77.85,462.10,6606,29.97,0,58.12,0,671.30,12630,1484,3467,0,0,116.30,1357,0,0,39.43,77.54,722.90,725.10,675.70,0,119900,24510,3493,1652,20900,2233,8196,418.20,25940,1572,3457,2462,0,230.90,1467,583.90,1183,470.30,2196,0,115.50,1937,0,518.30,329.50,229,263.80,93,108.50,8981,0,244.10,0,0,58.15,0,0,19160,181.90,0,0,5303,614.20,377.40,330.20,0,1488,249.40,42.74,620.70,271.40,19.76,8137,0,671.50,0,1851,12680,0,852.90,0,349.80,4476,9206,1367,6342,2921,2270,620,25780,443.20,0,1436,96.87,3337,23170,65.44,0,0,0,0,0,29670,1788,686.70,0,0,0,1309,367.20,0,,5205,9216,872.70,0,0,0,63.09,0,1537,1715,1397,6313,693,15180,0,814.10,0,325.70,3789,32620,1259,0,0,348.60,3278,6985,4393,1217,39910,287.90,3243,0,3237,34300,0,1083,697.50,503.70,1442000
2016,76.13,781.10,9157,0,1937,0,0,4029,154.10,0,2931,1729,726.20,0,489,1416,70.57,2147,2436,0,210.30,0,358.70,0,321.70,5.81,22420,0,0,1194,116.20,38.75,1421,6151,0,0,77.50,1120,743000,5324,0,368.10,0,620.30,0,1077,672,0,883.20,1698,2702,98.04,1095,69.75,0,2005,2208,22820,387.70,0,77.50,185.20,3216,0,0,83.57,553.20,6639,35.88,0,0,0,690.30,12660,1550,3772,0,0,116.30,1396,0,0,157.70,77.54,722.90,725.10,705.20,0,119800,28710,3493,1794,19760,2313,7680,395.80,25970,1676,3525,2602,0,278.50,1467,508.20,1297,346.30,2285,0,93.39,1666,0,452.40,351.40,0,333.40,93,162.70,13420,0,244.10,0,0,58.15,0,0,17520,191.70,0,0,5205,947.80,961.70,262.60,0,1717,239,42.74,486.40,271.40,19.76,8525,0,684.50,0,1921,14130,0,852.90,0,379,4340,9569,1420,6530,2297,2270,1007,26670,433.90,0,1556,96.87,3181,20430,127.20,0,0,0,0,0,28880,1995,747.70,0,0,0,1341,343.70,0,,5208,9414,1028,0,0,0,59.15,0,1554,1769,698.50,5395,665.10,16740,0,814.10,0,279.50,3594,35720,1336,0,0,371.60,3623,7684,4553,1577,39440,291.80,3407,0,2879,36820,0,838.20,775,581.20,1475400
2017,44.78,780.40,10710,0,1937,0,0,4421,205.50,0,3019,1710,928.90,0,523.90,1239,70.57,1985,2291,0,210.90,0,341.20,0,348,5.81,21060,0,0,1239,116.20,17.44,1489,6853,0,0,96.87,865.90,758200,5326,0,406.90,0,697.80,0,1287,644.10,0,922.90,1728,2610,348.70,1194,69.75,0,2037,2248,21770,387.70,0,81.37,306.80,3487,0,0,53.81,603.70,6483,31.55,0,0,0,686.90,13410,1472,3685,0,0,116.30,1434,0,0,157.70,77.54,722.90,725.10,783.10,0,124500,30100,3493,1840,18910,2058,7711,359.60,26430,1767,3817,2388,0,326.10,1467,586.70,1477,437.10,2242,0,110.40,2189,0,450.40,370.70,0,351.70,93,162.70,13220,0,244.10,0,0,58.15,0,0,17960,299.50,0,0,5403,910.60,927.30,405.60,0,1870,298,39.69,443.80,348.90,19.76,7362,0,765.60,0,1851,14840,0,736.60,0,408.10,4291,9952,1424,6996,2531,2270,1007,26350,537.90,0,1556,116.20,3310,20510,141.80,0,0,0,0,0,24000,2014,792.20,0,0,0,1367,410.20,0,,5609,9449,1076,0,0,0,59.15,0,1484,1760,698.50,5357,1515,14080,0,814.10,0,259.70,3206,37270,1374,0,0,372.10,3543,8033,4410,1627,40320,322.20,3485,0,3166,42740,0,698.50,813.70,678.10,1502500
2018,56.88,780.40,10710,0,1937,0,0,4378,205.50,0,2942,1827,928.90,0,523.90,1239,70.57,1839,2534,0,210.90,0,341.20,0,348,5.81,20670,0,0,1224,116.20,17.44,1489,6980,0,0,96.87,782.20,786700,5326,0,406.90,0,697.80,0,1211,644.10,0,848.20,1868,2610,348.70,1160,69.75,0,2037,2248,21000,387.70,0,81.37,297.80,3487,0,0,53.81,601.70,6701,31.55,0,0,0,686.90,13230,1472,3419,0,0,116.30,1434,0,0,157.70,77.54,722.90,725.10,881.80,0,143200,34820,3493,1916,19090,2058,7757,318.80,26180,1767,3891,2388,0,326.10,1467,586.70,1477,550.90,2242,0,110.40,2189,0,511.30,369.50,0,351.70,93,162.70,13220,0,244.10,0,0,58.15,0,0,17960,299.50,0,0,5403,910.60,927.30,405.60,0,1870,220.40,39.69,418,348.90,19.76,7362,0,729.80,0,1851,14840,0,736.60,0,408.10,4291,9952,1424,7655,2251,2270,1007,24700,537.90,0,1556,116.20,3505,20090,141.80,0,0,0,0,0,25130,2014,792.20,0,0,0,1347,450.10,0,,5609,9667,1076,0,0,0,59.15,0,1607,1738,698.50,5378,1515,14080,0,814.10,0,259.70,3206,37030,1374,0,0,372.10,3719,8033,4364,1627,38970,322.20,3485,0,3166,49560,0,698.50,813.70,678.10,1558800
2019,38.33,780.40,10710,0,1937,0,0,4097,205.50,0,3040,1771,928.90,0,523.90,1239,70.57,2267,2819,0,210.90,0,341.20,0,348,5.81,21060,0,0,1127,116.20,17.44,1489,7177,0,0,96.87,782.20,826900,5326,0,406.90,0,697.80,0,1184,644.10,0,789.20,1977,2610,348.70,1129,69.75,0,2037,2248,19670,387.70,0,81.37,295.50,3487,0,0,53.81,583.50,6807,31.55,0,0,0,686.90,13290,1472,3360,0,0,116.30,1434,0,0,157.70,77.54,722.90,725.10,1023,0,148100,32410,3493,1893,20890,2058,7912,334.30,25380,1767,3800,2388,0,326.10,1467,586.70,1477,561.50,2242,0,110.40,2189,0,578.10,394.80,0,351.70,93,162.70,13220,0,244.10,0,0,58.15,0,0,17960,299.50,0,0,5403,910.60,927.30,405.60,0,1870,6.34,39.69,410.90,348.90,19.76,7362,0,721.70,0,1851,14840,0,736.60,0,408.10,4291,9952,1424,7692,2225,2270,1007,24010,537.90,0,1556,116.20,3828,20310,141.80,0,0,0,0,0,24600,2014,792.20,0,0,0,1404,477.60,0,,5609,9064,1076,0,0,0,59.15,0,1349,1732,698.50,5378,1515,14080,0,814.10,0,259.70,3206,30420,1374,0,0,372.10,4079,8033,4448,1627,40900,322.20,3485,0,3166,52850,0,698.50,813.70,678.10,1599800
